,课程名,专业类别,所属大学,开课次数,开课日期,结课日期,学时安排,持续周数,当前状态,参加人数,课程评价数,授课教师
0,无机化学（上）,理学,大连理工大学,5,2019-02-19,2019-05-27,4.0,14,立即参加,4193,71,孟长功教授，国家级教学名师，教育部高等学校实验教学指导委员会委员胡涛教授，辽宁省普通高等学校化学类专业教学指导委员会秘书长于永鲜副教授王慧龙大连理工大学化学学院教授陶胜洋副教授刘淑芹副教授
1,大学物理4：光学、近代物理,理学,同济大学,6,2019-02-20,2019-05-25,4.0,14,立即参加,2687,57,倪忠强同济大学物理科学与工程学院 教授顾牡物理科学与工程学院 教授王祖源教授
2,C语言程序设计,计算机,大连理工大学,5,2019-02-25,2019-06-30,4.0,18,立即参加,8696,110,朱鸣华教授罗晓芳副教授孟军教授汪德刚副教授董明副教授洪昕教授陈雪龙副教授王东副教授
3,药物分析,医药卫生,中国药科大学,6,2019-03-04,2019-07-20,1.5,20,立即参加,4280,62,柳文媛教授宋沁馨教授/博士生导师吴春勇副教授
4,c#程序设计,计算机,北京大学,6,2019-02-18,2019-06-18,5.0,18,立即参加,11609,212,唐大仕北京大学博士、教师
5,物理光学,工学,哈尔滨工业大学,7,2019-03-18,2019-07-15,4.0,18,立即参加,1379,8,哈斯乌力吉教授
6,数据结构,计算机,浙江大学,8,2019-03-01,2019-05-30,5.5,13,立即参加,118880,810,陈越教授何钦铭教授
7,实用大众线性代数(MATLAB版),理学,西安电子科技大学,6,2019-03-03,2019-07-12,4.0,19,立即参加,8082,218,杨威副教授陈怀琛教授马建荣教授
8,大学计算机,计算机,北京理工大学,8,2019-02-18,2019-07-31,2.5,24,立即参加,57284,1589,李凤霞教授陈宇峰副教授高玉金讲师冷金麟副教授辛欣讲师赵霞副教授张春英教授李仲君助理研究员余月讲师赵三元讲师
9,结晶学及矿物学,理学,中国地质大学,5,2019-02-25,2019-06-16,4.0,16,立即参加,1885,21,赵珊茸教授 博导钟玉芳副教授余淳梅副教授边秋娟副教授刘嵘副教授
10,计算思维的结构,计算机,桂林电子科技大学,6,2019-02-25,2019-06-21,4.0,17,立即参加,2548,389,董荣胜教授钟艳如教授李凤英副教授孟瑜副教授汪华登高级实验师孙晋永讲师
11,营养与健康,医药卫生,南京大学,6,2019-03-11,2019-06-10,3.0,14,立即参加,8124,354,郑伟娟教授
12,精密机械设计,工学,武汉大学,6,2019-02-18,2019-04-14,4.0,8,立即参加,1153,15,许贤泽教授、博士生导师
13,线性代数与解析几何,理学,西安交通大学,4,2019-02-18,2019-06-23,4.0,18,立即参加,1544,65,李换琴教授李继成教授张永怀副教授刘康民副教授张芳讲师褚蕾蕾副教授齐雪林讲师赵小艳副教授王勇茂副教授
14,语文课程标准与教材研究,教育教学,北京师范大学,4,2019-02-25,2019-06-30,2.5,18,立即参加,2981,38,郑国民教授张心科教授徐鹏副教授管贤强讲师黄志军讲师
15,互换性与测量技术,工学,武汉理工大学,5,2019-02-18,2019-04-15,4.0,9,立即参加,2379,51,胡业发教授/博导张宏讲师石绘讲师吴彦春副教授、国家精品在线开放课程负责人、教学名师程飞月高级实验师杜百岗讲师庄可佳讲师赵敬泽助理研究员
16,模拟电子技术基础,工学,华中科技大学,7,2019-02-14,2019-06-23,4.5,19,立即参加,23504,118,张林教授邓天平副教授罗杰副教授秦臻副教授张惕远讲师龙占超副教授汪小燕教授邹韬平副教授蒙文武讲师刘建讲师刘勃副教授刘澍讲师
17,软件测试,计算机,南京大学,2,2018-04-02,2018-06-30,4.0,13,已结束，查看内容,19890,50,陈振宇教授
18,数学竞赛选讲,理学,山东大学,4,2019-02-26,2019-06-03,4.0,14,立即参加,2249,13,"张天德教授  著名考研辅导专家王玮副教授崔玉泉教授蒋晓芸教授,博导闫保英教授王建副教授陈永刚讲师范洪军副教授孙同军教授吴强副教授杜世田副教授高夫征副教授范红玲副教授翟富菊讲师朱景阳教师曲秀英副教授万立娟高校教师"
19,体育与健康,教育教学,华东师范大学,10,2019-02-25,2019-06-21,2.5,17,立即参加,2340,242,汪晓赞教授/博士生导师
20,大学物理-力学和热学,理学,山东大学,10,2019-02-26,2019-05-14,3.0,12,立即参加,19435,36,刘建强教授，基础物理教学研究中心主任于淑云副教授李玉香教授
21,概率论与数理统计,理学,西安交通大学,4,2019-02-18,2019-06-30,4.0,19,立即参加,3811,58,赵小艳副教授赫孝良教授王宁副教授戴永红副教授王峰副教授吴云江副教授孙德龙讲师吴春红讲师
22,周口店野外地质实践教学,理学,中国地质大学,7,2019-03-01,2019-09-30,4.0,31,立即参加,620,39,袁晏明教授严绍军副教授王军鹏讲师刘德民副教授刘强副教授汪丙国副教授
23,信息化领导力,管理学,爱课程,11,2019-03-06,2019-05-06,4.0,9,立即参加,1348,81,沈书生教授柏宏权副教授曹梅副教授
24,标准与我们的生活,管理学,湖南大学,3,2018-11-26,2019-01-26,1.5,9,老师已关闭该学期，无法查看,3725,29,侯俊军教授
25,结构化学,理学,东北大学,5,2019-02-25,2019-05-20,1.5,13,立即参加,2058,20,王军博士，教授张学民讲师
26,采矿学,工学,东北大学,5,2019-03-04,2019-07-25,3.0,21,立即参加,590,6,王青教授，博士生导师，辽宁省教学名师。顾晓薇教授 博士生导师胥孝川讲师
27,环境与健康,理学,华中师范大学,4,2019-03-04,2019-06-09,3.0,14,立即参加,855,15,龚胜生教授黄建武教授敖荣军教授梅琳副教授杨振副教授程绍文副教授姜艳副教授魏幼红讲师张涛讲师
28,微积分(二),理学,北京理工大学,5,2019-02-20,2019-06-13,4.0,17,立即参加,7909,22,徐厚宝副教授李翠哲副教授毛京中副教授温海瑞讲师周林芳副教授
29,信息管理学基础,管理学,武汉大学,6,2018-09-05,2018-12-05,32.0,14,已结束，查看内容,6237,65,马费成教授宋恩梅副教授赵一鸣副教授陆伟教授邓胜利教授孙永强副教授
30,生活中的纠纷与解决,法学,华北电力大学,5,2019-03-11,2019-06-30,1.5,16,立即参加,2067,38,赵旭光教授王学棉教授李红枫副教授方仲炳教授田海鑫讲师
31,计量经济学,经济学,电子科技大学,5,2019-02-25,2019-06-07,5.0,15,立即参加,9296,55,陈磊副教授杨政副教授
32,运动与健康,教育教学,湖北大学,5,2019-02-18,2019-05-26,2.0,14,立即参加,10564,286,代方梅湖北大学体育学院副教授，湖北省全民健身专家库成员，湖北省社会体育指导员培训讲师团主讲教师刘勇教授史文文副教授
33,工程经济学,管理学,四川大学,4,2019-03-04,2019-06-25,3.0,17,立即参加,2078,38,张欣莉副教授
34,生殖健康——“性”福学堂,医药卫生,四川大学,8,2019-03-04,2019-06-30,1.5,17,立即参加,8634,183,邢爱耘教授刘宏伟主任医师乔林副教授姚强副主任医师楼江燕主任医师李金科副主任医师柳良仁副教授李定明主治医师/讲师
35,线性代数与空间解析几何（二）,理学,电子科技大学,7,2019-05-06,2019-07-09,4.0,10,立即参加,738,18,黄廷祝教授 / 博士生导师蒲和平教授何军华副教授王转德副教授房秀芬副教授荆燕飞研究员李厚彪教授王博副教授李红副教授原子霞副教授王颖副教授
36,数据库系统（下）：管理与技术,计算机,哈尔滨工业大学,7,2019-03-11,2019-06-16,4.0,14,立即参加,2687,33,战德臣教授 博士生导师张丽杰教授史建焘高级工程师周丽娜讲师宋巧红副研究员
37,数字电子技术基础,工学,北京交通大学,4,2019-03-01,2019-07-12,3.0,20,立即参加,3804,16,侯建军教授、博士、博导黄亮副教授、博士任希副教授霍炎教授高岩副教授张建勇副教授白双副教授郑涛副教授
38,AIDS and I ──艾滋病与我,医药卫生,武汉大学,3,2018-12-01,2019-02-05,0.75,10,老师已关闭该学期，无法查看,2814,56,熊勇主任医师曹倩主治医师高世成主任医师桂希恩教授
39,数据库系统概论（高级篇）,计算机,中国人民大学,6,2019-03-05,2019-07-15,4.0,19,立即参加,6967,49,王珊教授杜小勇教授陈红教授卢卫副教授焦敏高级工程师张晓莹工程师
40,基于Java的面向对象编程范式,计算机,南京大学,4,2019-04-08,2019-06-02,2.0,8,立即参加,357,11,刘钦讲师
41,管理学,管理学,北京师范大学,3,2018-10-08,2019-01-21,4.0,16,已结束，查看内容,20513,135,王文周经济与工商管理学院副教授
42,马克思主义民族理论与政策,法学,广西民族大学,5,2019-03-04,2019-06-30,2.0,17,立即参加,2984,1273,龚永辉教授 博士生导师郭亮助理研究员梁鑫讲师欧阳常青教授刘霁萱教师杨昉教师赖莉云教师
43,大数据算法,计算机,哈尔滨工业大学,3,2018-12-01,2019-02-25,2.0,13,老师已关闭该学期，无法查看,37397,21,王宏志教授、博士生导师
44,线性代数,理学,同济大学,6,2019-03-04,2019-06-21,4.0,16,立即参加,22205,183,靳全勤教授濮燕敏副教授张莉副教授孙娟娟讲师殷俊锋教授
45,计算机控制系统,计算机,东北大学,6,2019-03-11,2019-06-08,3.5,13,立即参加,2113,32,关守平教授谭树彬副教授刘建昌教授尤富强副教授陈宏志副教授马丹副教授于霞讲师
46,线性代数启蒙,理学,北京航空航天大学,9,2019-02-26,2019-05-26,4.0,13,立即参加,4135,98,李尚志教授
47,单片机原理与应用,工学,北京交通大学,6,2019-03-01,2019-06-30,3.0,18,立即参加,37632,416,戴胜华教授李润梅副教授付文秀副教授杨世武教授黄赞武副教授周永华教授马连川副教授于振宇讲师蔡文川讲师金尚泰副教授李正交实验师
48,形势与政策,法学,南京师范大学,5,2019-03-26,2019-06-25,3.0,14,立即参加,6521,7021,王刚教授、博士生导师
49,理论力学,工学,西北工业大学,5,2019-02-25,2019-06-30,4.0,18,立即参加,1343,47,张娟教授王艳副教授杨成鹏副教授王佩艳副教授秦卫阳教授，博导于庆民副教授陈效鹏教授
50,高等数学（一）,理学,西安交通大学,3,2018-09-03,2019-01-11,4.0,19,已结束，查看内容,53638,97,李继成教授赵小艳副教授吴慧卓副教授李萍讲师王勇茂副教授戴永红副教授张芳讲师常争鸣教授武忠祥教授李换琴教授张永怀副教授
51,音乐导聆,艺术设计,山东大学,8,2019-02-26,2019-06-06,1.5,15,立即参加,17591,262,安宁博士  教授
52,课堂管理的方法与艺术,教育教学,爱课程,5,2019-01-01,2019-03-03,3.5,9,老师已关闭该学期，无法查看,8539,1510,王浪副教授张翼然讲师邹立君教授屈正良教授李纯中学高级教师张明萌讲师李霖滋中小学一级教师
53,计算机网络,计算机,哈尔滨工业大学,7,2019-02-25,2019-06-30,4.0,18,立即参加,19574,342,李全龙副教授聂兰顺副教授
54,微课设计与制作,教育教学,爱课程,9,2019-03-01,2019-05-20,4.0,12,立即参加,7189,729,杨上影高工/网络规划师郑小军教授林雯副教授熊冬春副教授兰瑞乐高级工程师梁梦婕讲师
55,大学物理（力学、电磁学）,理学,东北大学,4,2019-03-04,2019-07-21,3.0,20,立即参加,9713,101,陈肖慧教授杨玉玲教授赵国俭副教授张建锋副教授崔晶磊讲师王建平讲师
56,品读道家智慧,文学文化,西安交通大学,5,2019-03-08,2019-06-20,3.0,15,立即参加,22249,168,韩鹏杰西安交通大学教授、硕士生导师
57,人体解剖学,医药卫生,中国医科大学,4,2019-03-25,2019-07-01,4.0,15,立即参加,6382,64,李洪鹏教授
58,大学生创新与创业实践,管理学,西南交通大学,2,2019-03-04,2019-06-30,3.0,17,立即参加,1269,39,张祖涛教授/博士生导师罗大兵副教授潘亚嘉副教授代宁副研究员姬晓旭讲师
59,婚姻家庭法,法学,黑龙江大学,3,2019-03-04,2019-06-01,4.0,13,立即参加,3049,70,王歌雅博士生导师李憣副教授杨振宏副教授司丹讲师任江副教授
60,模拟电路基础,工学,电子科技大学,3,2017-09-04,2017-12-30,4.0,17,已结束，查看内容,26173,10,何松柏教授吴涛讲师张彪讲师谢建志讲师崔红玲副教授李雷副教授李朝海教授级高级工程师兰京川副教授游飞副教授
61,微机原理与接口技术,计算机,吉林大学,4,2019-03-18,2019-05-27,5.0,11,立即参加,2191,31,侯彦利教授
62,创业计划,管理学,江苏大学,5,2019-03-11,2019-06-02,4.0,12,立即参加,2428,2151,梅强教授郭龙建副教授赵观兵副教授周辉副教授李昕副教授
63,物理化学（上）,理学,武汉大学,9,2019-02-25,2019-05-19,3.0,12,立即参加,2800,10,王志勇副教授汪存信教授刘欲文副教授
64,以学生为中心的学习环境设计,教育教学,爱课程,5,2019-03-11,2019-04-29,4.0,8,立即参加,1825,102,顾小清教授吴忭副教授
65,电子线路仿真设计与实验实例,工学,南昌工学院,4,2019-04-22,2019-06-12,1.0,8,立即参加,864,23,王连英教授、高级工程师、技师胡茗副教授万里勇副教授、数据库系统工程师封淑玲副教授吴芳菲副教授魏艳平副教授徐佩讲师郭阳讲师占小波讲师黄武涛讲师任芳讲师陈颖副教授张丹丹讲师
66,营养学,工学,武汉大学,7,2019-02-21,2019-05-16,3.0,13,立即参加,98074,638,王素青教授  博士生导师
67,走近马克思,法学,暨南大学,3,2019-03-04,2019-06-30,3.0,17,立即参加,1243,68,田明副教授
68,无机化学（上）,理学,天津大学,4,2019-03-04,2019-06-30,4.0,17,立即参加,3686,36,马骁飞副教授田昀副教授
69,从自然世界到智能时代,计算机,湖南大学,5,2019-04-01,2019-07-01,4.0,14,立即参加,1300,41,李智勇教授 / 博士生导师
70,医学免疫学,医药卫生,南昌大学,4,2019-02-25,2019-06-30,2.5,18,立即参加,4064,56,傅颖媛教授
71,高等数学（四）,理学,国防科技大学,5,2018-04-09,2018-06-10,4.0,9,已结束，查看内容,31528,29,朱健民教授李建平教授黄建华教授王晓教授周敏教授刘雄伟副教授罗永副教授赵侠副教授吴强副教授王焱副教授
72,自动控制元件,工学,哈尔滨工程大学,5,2019-03-04,2019-06-30,3.0,17,立即参加,1581,39,池海红副教授王显峰高级实验师吕淑平教授张敬南副教授巩冰讲师赵新华副教授
73,秦汉考古,历史,河南大学,5,2019-02-25,2019-06-17,2.5,17,立即参加,3784,520,张玲博士，讲师。刘春迎教授臧德清讲师滕亚秋职称：助教；职务：教务办主任。
74,画法几何及土木工程制图（下）,工学,大连理工大学,4,2019-02-24,2019-05-27,4.5,14,立即参加,2541,17,王子茹教授何斌副教授
75,选矿厂设计,工学,中国矿业大学,5,2019-04-01,2019-05-31,3.5,9,立即参加,117,23,匡亚莉教授、博士生导师陶有俊教授/博导曹亦俊教授马子龙讲师王章国讲师夏文成副教授
76,心理学与生活,心理学,南京大学,7,2019-03-11,2019-06-16,2.5,14,立即参加,27459,1897,陈昌凯副教授
77,分析化学（二）：仪器分析,理学,湖南大学,5,2019-02-26,2019-07-02,4.0,19,立即参加,3917,25,王玉枝教授宦双燕教授王青教授羊小海教授蒋健晖教授
78,无机化学——化学反应原理,理学,哈尔滨工业大学,6,2019-02-25,2019-05-27,4.0,14,立即参加,2442,27,张兴文哈尔滨工业大学，副教授，黑龙江省教学新秀。周玉祥哈尔滨工业大学，化工与化学学院，副教授。王宇副教授李德凤副教授方习奎教授
79,计算机图形学,计算机,中国农业大学,7,2019-03-11,2019-05-31,3.5,12,立即参加,2459,57,赵明教授
80,数字电子技术,工学,中南大学,6,2019-02-28,2019-07-15,4.0,20,立即参加,2555,64,覃爱娜博士，副教授李飞博士，副教授，硕士生导师。罗桂娥博士，教授，硕士生导师。刘献如讲师陈丽萍讲师刘波博士，副教授
81,机械原理,工学,东北大学,5,2019-03-01,2019-05-12,4.0,11,立即参加,2623,14,李翠玲副教授
82,环境变迁与人类生育力改变,医药卫生,武汉大学,6,2018-10-08,2019-01-17,1.5,15,已结束，查看内容,2075,15,杨菁教授徐望明教授龙文教授明蕾教授程丹副主任医师李赛姣主治医师肖卓妮副主任医师李洁副主任医师王雅琴主治医师闫文杰住院医师
83,流行病学基础（二）,医药卫生,北京大学,5,2019-03-30,2019-06-30,1.25,14,立即参加,438,22,吴涛副教授
84,微积分（一）,理学,电子科技大学,3,2018-09-17,2018-12-20,4.0,14,已结束，查看内容,11533,11,高建教授冷劲松教授汪小平讲师高中喜副教授余时伟讲师程光辉教授何国良副教授米文副教授夏红副教授窦芳芳副教授王晓梅副教授刘碧森无
85,大学物理1：力学、相对论,理学,同济大学,10,2019-02-18,2019-05-18,3.0,13,立即参加,18453,151,武荷岚博士，副教授，研究生导师，美国哈佛大学访问学者。研究方向：教育技术学、物理教育。
86,马克思主义基本原理概论,法学,南京航空航天大学,4,2019-02-26,2019-06-16,4.0,16,立即参加,3475,255,王岩教授/博士生导师邓伯军教授/博士生导师徐地龙副教授孙卫卫副教授马杏苗副教授徐华伟高级实验师薛葵副教授陈红桂副教授何畏副教授
87,毛泽东思想和中国特色社会主义理论体系概论,法学,福建农林大学,6,2019-03-10,2019-06-15,3.5,14,立即参加,2856,91,黄秀玲讲师
88,数据结构,计算机,华中科技大学,4,2019-03-11,2019-06-28,4.0,16,立即参加,5505,301,李国徽教授袁凌副教授祝建华副教授许贵平副教授周时阳副教授
89,博弈论基础,经济学,浙江大学,10,2019-03-18,2019-06-11,3.0,13,立即参加,36238,1069,蒋文华副教授
90,结构力学——超静定结构力学,工学,大连理工大学,3,2018-11-26,2019-02-25,6.0,14,老师已关闭该学期，无法查看,2413,6,陈廷国教授曲激婷副教授
91,计算机组成原理（上）,计算机,哈尔滨工业大学,8,2019-02-25,2019-06-24,4.0,18,立即参加,10425,216,刘宏伟教授、博士生导师张丽杰教授舒燕君讲师张展副教授
92,创业团队建设与管理,管理学,首都经济贸易大学,5,2019-03-04,2019-06-30,1.5,17,立即参加,1635,39,马力副教授
93,管理运筹学,管理学,北京理工大学,9,2019-03-08,2019-06-24,4.0,16,立即参加,3904,52,韩伯棠教授，博士生导师赵先教授，博士生导师钟华副教授王建才副教授侯福均副教授
94,病原生物与人类,医药卫生,复旦大学,6,2019-04-16,2019-06-16,2.0,9,立即参加,856,23,邵红霞高级讲师卢洪洲教授，主任医师程训佳教授
95,数字信号处理,工学,电子科技大学,5,2019-02-20,2019-06-25,2.0,18,立即参加,7510,42,朱学勇教授，就职于电子科技大学通信与信息学院。专业方向：通信中的信号处理。杨鍊副教授潘晔副教授李玉柏教授林静然副教授利强副教授武畅副教授
96,环境学基础,工学,南开大学,3,2019-02-18,2019-06-16,4.0,17,立即参加,1840,28,楚春礼副教授，硕士生导师
97,通信网络基础,工学,西安电子科技大学,2,2018-04-30,2018-07-31,1.0,14,已结束，查看内容,9217,7,盛敏教授马英红副教授张琰副教授李红艳教授杨春刚副教授刘勤副教授刘伟教授黄鹏宇讲师孙红光中级刘俊宇讲师刘润滋讲师
98,微积分（一）,理学,北京理工大学,5,2018-09-10,2019-01-05,4.0,17,已结束，查看内容,65865,35,徐厚宝副教授毛京中副教授李翠哲副教授周林芳副教授温海瑞讲师
99,马克思主义哲学原理精粹九讲,哲学,武汉大学,10,2019-03-04,2019-06-30,3.0,17,立即参加,4848,93,汪信砚教授
100,导引系统原理,工学,西北工业大学,3,2018-09-18,2018-12-10,4.0,12,老师已关闭该学期，无法查看,1436,4,周军教授卢晓东副教授赵斌副教授郭建国教授
101,经济学,经济学,电子科技大学,5,2019-02-25,2019-07-15,4.0,21,立即参加,5086,51,马永开教授鞠晴江副教授梁媛副教授李耀副教授丁亚副教授马捷副教授
102,慕课问道,教育教学,北京大学,5,2017-09-11,2017-10-23,2.5,7,已结束，查看内容,6004,4,李晓明教授
103,传感器技术,工学,武汉大学,7,2019-02-18,2019-05-15,1.5,13,立即参加,3983,78,吴琼水副教授周辉副教授张铮高级工程师
104,国际私法,法学,暨南大学,3,2018-09-01,2018-12-30,2.0,18,已结束，查看内容,5097,44,戴霞副教授李健男教授吕国民副教授
105,脑洞大开背后的创新思维,管理学,大连理工大学,6,2019-03-04,2019-06-16,4.0,15,立即参加,3799,253,冯林教授，博士生导师，大连理工大学创新创业学院院长。张崴高级工程师吴振宇副教授刘胜蓝副教授王飞龙工程师
106,财政学,经济学,浙江财经大学,5,2019-03-04,2019-06-30,4.0,17,立即参加,1714,29,钟晓敏教授
107,地下结构数值计算方法,工学,福州大学,6,2019-03-25,2019-06-25,1.5,14,立即参加,476,22,缪圆冰高级工程师
108,文学欣赏与批评,文学文化,武汉大学,10,2019-02-18,2019-05-31,2.0,15,立即参加,5256,105,陈国恩教授，博士生导师
109,大学物理典型问题解析—振动、波动与光学,理学,北京理工大学,5,2019-04-29,2019-06-26,4.0,9,立即参加,772,7,李英兰副教授刘兆龙教授
110,冷战史专题,历史,华东师范大学,5,2019-02-25,2019-07-02,4.0,19,立即参加,4252,378,沈志华教授
111,行政法学,法学,武汉大学,8,2019-03-03,2019-07-01,1.0,18,立即参加,5899,23,江国华教授 博士生导师
112,工程力学,工学,华中科技大学,7,2019-02-18,2019-06-25,4.0,19,立即参加,5844,23,王元勋教授胡洪平副教授魏俊红讲师安群力讲师杨新华教授胡元太教授陈传尧教授
113,创业：道与术,管理学,中南财经政法大学,1,2018-12-17,2019-03-15,1.5,13,老师已关闭该学期，无法查看,2065,10,汪军民教授
114,走近中华优秀传统文化,哲学,南京大学,4,2019-03-04,2019-06-30,2.5,17,立即参加,3987,661,张亮教授，博士生导师。胡星铭副教授邵佳德助理研究员
115,信息安全概论,计算机,中国农业大学,5,2018-09-17,2018-11-30,4.0,11,已结束，查看内容,3993,35,吕春利副教授
116,模拟电子技术基础,工学,国防科技大学,5,2019-02-25,2019-07-01,4.0,19,立即参加,2597,67,杜湘瑜教授刘安芝副教授罗笑冰副教授计科峰副教授李悦丽副教授于红旗副教授陈绍荣讲师程江华副教授张亮讲师
117,数据库系统概论（新技术篇）,计算机,中国人民大学,5,2019-03-19,2019-07-15,2.5,17,立即参加,4652,12,王珊教授杜小勇教授陈红教授文继荣教授李翠平教授张延松副教授周烜副教授秦波副教授覃雄派讲师张孝副教授陈跃国教授窦志成教授卢卫副教授魏哲巍副教授卢志武副教授赵鑫副教授刘家俊副教授焦敏高级工程师张晓莹工程师
118,画法几何与技术制图基础,工学,中国农业大学,5,2018-09-17,2019-01-13,4.0,17,老师已关闭该学期，无法查看,5512,3,李丽教授张彦娥教授吴红丹副教授刘韶军副教授王海华副教授梅树立教授
119,中国近现代史纲要,法学,中南大学,7,2019-03-04,2019-06-30,3.0,17,立即参加,2129,479,吴争春副教授王翔副教授刘志刚副教授张金荣教授万琼华教授陈文联教授罗春梅副教授李斌副教授梅乐讲师李兰兰讲师
120,电器理论基础,工学,福州大学,7,2019-03-12,2019-07-02,4.0,17,立即参加,869,71,许志红教授、博士生导师、院长郑昕副教授汤龙飞讲师
121,C程序设计,计算机,西北工业大学,8,2019-02-25,2019-06-09,4.0,15,立即参加,5398,94,姜学锋副教授刘君瑞副教授
122,海上货物运输,工学,大连海事大学,5,2019-03-04,2019-06-23,3.0,16,立即参加,809,45,田佰军船长 副教授王文新副教授姜华副教授
123,轮机自动化,工学,大连海事大学,4,2019-02-18,2019-05-19,4.0,13,立即参加,815,15,甘辉兵副教授张均东教授贾宝柱副教授曾鸿副教授
124,计算机专业导论,计算机,哈尔滨工业大学,8,2019-04-15,2019-07-28,4.0,15,立即参加,1704,136,战德臣教授 博士生导师张丽杰教授聂兰顺副教授宋巧红副研究员
125,C++语言程序设计（上）,计算机,中国农业大学,8,2019-02-25,2019-05-19,4.0,12,立即参加,5161,58,阚道宏副教授
126,高级财务会计,管理学,江西财经大学,4,2019-03-04,2019-06-20,32.0,16,立即参加,2959,174,彭晓洁教授管考磊副教授熊家财副教授荣莉教授刘淑华讲师李世刚讲师谢波讲师
127,F3：财务会计,管理学,西安交通大学,4,2019-02-13,2019-04-21,5.0,10,立即参加,5136,11,骆蕾讲师
128,计算机组成原理,计算机,电子科技大学,5,2019-03-11,2019-07-14,4.0,18,立即参加,11491,87,纪禄平副教授 / 博士生导师罗克露教授张建讲师刘辉讲师
129,中药与美容,医药卫生,中国药科大学,6,2018-09-03,2018-10-12,2.0,6,已结束，查看内容,27423,608,王秋副教授
130,结构生物化学,理学,南京大学,4,2018-07-22,2018-11-25,5.0,19,已结束，查看内容,15458,64,杨荣武教授
131,《道德经》的智慧启示,文学文化,中国海洋大学,7,2019-03-06,2019-06-23,4.5,16,立即参加,7787,581,丁玉柱丁玉柱，中国海洋大学副教授、硕士生导师，海洋文学与艺术研究所所长，南京大学文学硕士。
132,高等数学(二),理学,西安交通大学,3,2019-02-18,2019-06-30,4.0,19,立即参加,22156,61,李继成教授赵小艳副教授吴慧卓副教授李萍讲师戴永红副教授张芳讲师王勇茂副教授李换琴教授武忠祥教授常争鸣教授张永怀副教授王峰副教授
133,普通天文学,理学,南京大学,3,2018-10-08,2018-12-31,2.0,13,已结束，查看内容,6981,113,李向东教授
134,现代礼仪,文学文化,湖南大学,10,2019-03-04,2019-06-21,1.5,16,立即参加,84858,1598,袁涤非教授
135,数字信号处理,工学,南京邮电大学,4,2019-02-18,2019-06-24,4.0,19,立即参加,1651,61,杨震教授、博士生导师王颖翠讲师梁涓副教授叶蕾副教授朱艳讲师季薇副教授张玲华教授徐欣副教授邵曦副教授邓立新副教授
136,大学化学(上),理学,中南大学,6,2018-09-24,2019-02-03,4.0,19,已结束，查看内容,16206,15,王一凡教授刘绍乾副教授钱频讲师王曼娟讲师何跃武副教授肖旭贤副教授张寿春副教授颜军教授文莉副教授易小艺教授周建良副教授
137,体育舞蹈与文化,艺术设计,大连理工大学,4,2019-03-04,2019-06-09,2.5,14,立即参加,1661,157,刘君副教授
138,针灸学导论,医药卫生,北京中医药大学,8,2019-03-19,2019-06-30,2.5,15,立即参加,5942,490,马文珠教授/主任医师赵百孝教授张莉教授王燕平教授侯中伟副教授
139,国防教育——军事理论,教育教学,西安交通大学,9,2019-02-18,2019-06-17,3.0,18,立即参加,1178,612,张正明二级教授问鸿滨教授徐宇春副教授李科教授初阔林副教授闫忠林副教授刘玉青副教授
140,C#程序设计,计算机,西北工业大学,7,2019-02-25,2019-06-09,4.0,15,立即参加,2238,23,刘君瑞副教授
141,求职OMG-大学生就业指导与技能开发,管理学,中国海洋大学,5,2019-03-05,2019-06-25,1.5,17,立即参加,2106,89,辛远征教师乔宝刚教师
142,MIB国际商务,管理学,浙江工商大学,2,2018-10-16,2018-12-31,2.0,11,老师已关闭该学期，无法查看,7038,442,朱勤教授赵英军教授王永齐副教授刘文革教授张友仁教授肖迪副教授
143,灾难逃生与自救,医药卫生,同济大学,5,2019-02-25,2019-05-17,4.0,12,立即参加,2410,256,刘中民上海市东方医院院长、医学博士、主任医师、教授、博士生导师、国务院特殊津贴专家、上海市领军人才
144,高等数学（五）,理学,国防科技大学,5,2018-05-21,2018-07-08,4.0,7,已结束，查看内容,24692,13,朱健民教授李建平教授黄建华教授王晓教授周敏教授刘雄伟副教授罗永副教授赵侠副教授吴强副教授王焱副教授
145,海绵城市建设理念与工程应用,工学,福州大学,4,2019-03-11,2019-06-02,2.0,12,立即参加,1180,38,"刘德明教授,教高康得军副教授"
146,环境污染事件与应急响应,工学,北京师范大学,6,2019-03-01,2019-06-07,2.0,15,立即参加,873,36,田光进副教授
147,微积分（二）,理学,电子科技大学,3,2018-11-12,2019-01-20,4.0,10,已结束，查看内容,11216,8,高建教授冷劲松教授汪小平讲师高中喜副教授余时伟讲师程光辉教授何国良副教授米文副教授夏红副教授窦芳芳副教授王晓梅副教授刘碧森无
148,中级财务会计（一）,管理学,哈尔滨工业大学,8,2019-03-01,2019-06-30,5.0,18,立即参加,10133,89,高艳茹副教授、硕士研究生导师
149,结构力学（一）,工学,西南交通大学,8,2019-02-20,2019-05-28,4.0,14,立即参加,3390,34,罗永坤副教授蔡婧副教授
150,“爱上广告”——广告艺术鉴赏,艺术设计,南京邮电大学,5,2019-03-04,2019-06-25,1.0,17,立即参加,4075,82,余洋副教授
151,大学物理2：振动与波动、热学,理学,同济大学,9,2019-03-25,2019-06-25,4.0,14,立即参加,3087,17,刘海兰同济大学 物理科学与工程学院 副教授吴天刚同济大学物理科学与工程学院 教授倪忠强同济大学物理科学与工程学院 教授
152,工程图学（一）,工学,吉林大学,4,2019-03-04,2019-06-24,4.0,17,立即参加,877,18,谷艳华教授
153,地理信息系统概论,理学,中山大学,5,2019-03-04,2019-06-15,4.0,15,立即参加,2850,142,张新长教授、博士生导师辛秦川副教授、硕士生导师
154,创业基础,管理学,暨南大学,5,2019-02-25,2019-04-30,1.5,10,立即参加,5628,1371,张耀辉教授
155,动物组织胚胎学,农林园艺,华中农业大学,4,2019-04-10,2019-06-19,4.0,11,立即参加,775,64,曹罡教授刘华珍副教授彭克美教授宋卉副教授戴金霞副研究员
156,程序设计入门——C语言,计算机,浙江大学,8,2019-03-11,2019-06-01,5.0,12,立即参加,54873,3643,翁恺教师
157,人·车·社会,工学,武汉理工大学,1,2017-10-08,2017-12-25,2.0,12,老师已关闭该学期，无法查看,2148,54,华林教授张国方教授颜伏伍教授过学迅教授侯献军教授李江天副教授秦训鹏教授宋景芬副教授
158,结构力学,工学,重庆大学,6,2019-02-18,2019-06-19,8.0,18,立即参加,7362,29,陈朝晖教授王达诠讲师文国治副教授陈名弟副教授刘纲教授
159,微积分（一）,理学,哈尔滨工业大学,5,2018-09-03,2018-12-28,4.0,17,已结束，查看内容,18569,35,尹逊波教授
160,侵权责任法,法学,四川大学,10,2019-03-18,2019-07-31,2.0,20,立即参加,3748,92,王竹教授   博士生导师
161,3D工程图学,工学,华中科技大学,5,2019-02-11,2019-06-02,4.0,16,立即参加,2211,178,阮春红副教授黄其柏教授何建英副教授李喜秋讲师张俐副教授黄金国副教授华科程敏讲师田文峰讲师朱洲讲师陶亚松讲师鄢来祥讲师
162,电路分析基础,工学,电子科技大学,6,2019-02-25,2019-05-31,5.0,14,立即参加,7714,27,钟洪声教授崔红玲副教授
163,神韵诗研究,文学文化,山东大学,10,2019-03-05,2019-06-30,4.0,17,立即参加,892,15,王小舒教授吕玉华副教授
164,翻转课堂教学法,教育教学,北京大学,21,2019-04-01,2019-05-21,5.5,8,立即参加,6034,270,汪琼教授   博士生导师
165,工程流体力学,工学,北京理工大学,3,2018-10-09,2019-01-20,4.0,15,老师已关闭该学期，无法查看,9876,36,王国玉教授韩占忠教师黄彪副教授
166,离散数学,计算机,电子科技大学,4,2019-03-11,2019-07-31,2.5,21,立即参加,7488,114,王丽杰副教授傅彦教授罗亮讲师高辉教授
167,制胜：一部孙子傲商海,管理学,江西财经大学,4,2019-02-22,2019-06-09,5.0,16,立即参加,4034,250,刘爱军副教授刘浩华教授钟尉讲师陈亮亮讲师
168,大学物理典型问题解析—力学与热学,理学,北京理工大学,5,2019-02-25,2019-05-31,4.0,14,立即参加,3059,19,刘兆龙教授冯艳全副教授石宏霆副教授
169,高速铁路运营与维护,工学,西南交通大学,6,2019-03-04,2019-07-10,1.5,19,立即参加,644,53,王平教授
170,机械设计,工学,西北工业大学,8,2019-03-04,2019-07-07,4.0,18,立即参加,2955,53,陈国定教授，博导宁方立教授，博导吴立言教授
171,产业经济学,经济学,浙江财经大学,3,2019-03-11,2019-06-16,4.0,14,立即参加,2058,64,王俊豪教授金通教授唐要家教授戴魁早戴魁早柴志贤副教授熊红星副教授熊艳讲师
172,材料力学,工学,东南大学,5,2019-03-04,2019-06-30,4.0,17,立即参加,3330,14,乔玲副教授糜长稳副教授洪俊副教授
173,老子的人生智慧,哲学,东北大学,6,2019-03-15,2019-06-30,5.5,16,立即参加,4617,349,张雷东北大学跨文化战略研究院院长、文法学院党委书记，教授、博士生导师
174,生物大数据,理学,福建农林大学,5,2019-02-25,2019-05-31,4.0,14,立即参加,1397,214,何华勤教授422290858@qq.com(连玲丽)副教授710579191@qq.com(谢小芳)副教授1184418435@qq.com(陶欢)助理实验师103647213@qq.com(刘伟)讲师
175,《红楼梦》的空间艺术,文学文化,暨南大学,5,2019-03-04,2019-06-06,4.0,14,立即参加,4859,296,张世君教授
176,高等数学（二）,理学,同济大学,4,2018-11-12,2019-01-05,4.0,8,已结束，查看内容,150874,87,朱晓平副教授濮燕敏副教授黄长水讲师
177,美国文化,外语,四川大学,5,2019-04-08,2019-07-19,4.0,15,立即参加,4575,105,周毅教授
178,金融学（二）,经济学,中央财经大学 ,4,2018-03-05,2018-07-17,3.0,20,已结束，查看内容,41450,42,"李健教授左毓秀副教授黄昌利副教授蔡如海副教授李建军教授李宪铎副教授,证券期货研究所秘书长,中国银行业研究中心秘书长,主要研究人员.贾玉革教授黄志刚副教授孙建华副教授马亚副教授方意副教授鄢莉莉讲师郭田勇中央财经大学金融学院教授、博士生导师董兵兵讲师郭豫媚讲师"
179,中国现当代通俗小说与网络小说,文学文化,苏州大学,5,2019-03-04,2019-06-30,1.5,17,立即参加,2959,84,汤哲声文学博士、教授、博士生导师。
180,网络信息计量与评价,管理学,北京师范大学,4,2019-03-06,2019-06-30,3.0,17,立即参加,9947,567,肖明教授王卫副教授，硕士生导师王京山教授，研究生导师
181,自然保护与生态安全：拯救地球家园,理学,暨南大学,5,2019-02-25,2019-06-21,2.5,17,立即参加,9307,1037,黄柏炎副教授杨维东教授章群副研究员
182,多媒体技术及应用,计算机,深圳大学,6,2019-03-04,2019-06-26,4.0,17,立即参加,7859,287,王志强教授杜文峰副教授硕士生导师杜智华副教授周虹讲师
183,天文漫谈,理学,华中科技大学,9,2019-03-18,2019-06-09,3.5,12,立即参加,1807,327,徐学军副教授
184,计算机系统基础(一)：程序的表示、转换与链接,计算机,南京大学,6,2019-03-04,2019-06-18,4.0,16,立即参加,5173,88,袁春风计算机科学与技术系教授
185,现代仪器分析,理学,福建农林大学,4,2019-02-25,2019-06-23,2.5,17,立即参加,3829,93,杨桂娣教授/博士生导师张金彪教授周碧青正高级实验师谢晓琼副教授张静副教授/硕士生导师郑新宇副教授朱希副教授荣成讲师陈杰博实验师杨孝军助理实验师蒋宇航研究实习员
186,预防医学（一）,医药卫生,复旦大学,10,2019-02-25,2019-04-21,4.0,8,立即参加,2793,63,傅华教授彭伟霞讲师郑频频副教授何更生教授金克峙副教授丁永明中级职称
187,管理会计学,管理学,西南财经大学,7,2019-03-13,2019-05-14,3.0,9,立即参加,5503,273,李玉周教授
188,细胞生物学,理学,四川大学,9,2019-03-03,2019-06-30,5.0,18,立即参加,6919,364,邹方东教授杨军讲师张咏梅讲师王喜忠国家教学名师、教授
189,数据结构,计算机,西北大学,6,2019-03-11,2019-07-08,2.0,18,立即参加,3939,72,耿国华教授刘晓宁副教授卢燕宁讲师张德同副教授
190,高等数学（一）,理学,南昌大学,4,2019-03-07,2019-06-16,4.0,15,立即参加,5426,52,朱传喜教授、博士生导师陈春芳教授黄先玖教授吴照奇副教授董秋仙副教授熊佐亮教授罗清雨副教授陈涛教授胡海金副教授樊树平副教授吕强副教授余国松副教授涂相求副教授徐刚副教授吴爱军副教授杨玉桃讲师阮小军副教授肖水晶副教授刘凯副教授刘汝良副教授曹廷彬教授王三华副教授唐玉超副教授郭玲讲师刘新玲讲师叶梅燕讲师刘斌斌副教授朱家翔讲师朱向洪讲师屈泳讲师熊九红中级
191,计算机组织与结构,计算机,大连理工大学,5,2019-03-04,2019-07-14,4.0,19,立即参加,930,12,赖晓晨副教授周宽久无王洁无迟宗正工程师林驰无
192,诺奖作家英文作品赏析,外语,哈尔滨工业大学,4,2019-03-11,2019-05-27,4.0,12,立即参加,1939,40,黄芙蓉教授付利教授卢玲副教授周洁讲师张瑾副教授
193,机械原理,工学,北京理工大学,6,2019-02-27,2019-06-28,5.0,18,立即参加,4278,25,赵自强副教授
194,大学英语过程写作,外语,吉林大学,4,2019-01-01,2019-03-10,3.0,10,老师已关闭该学期，无法查看,34104,149,林娟副教授Ian StoneEnglish Language Fellow
195,线性代数,理学,东北大学,7,2019-03-03,2019-07-05,3.0,18,立即参加,7293,66,宋叔尼教授阎家斌副教授陆小军讲师刘静宜讲师郭阳副教授张雪副教授
196,走进心理学,心理学,西南交通大学,4,2019-03-10,2019-06-20,2.5,15,立即参加,5513,373,宁维卫教授
197,药用植物学,医药卫生,四川大学,10,2019-03-19,2019-06-11,4.5,13,立即参加,5270,44,李涛华西药学院副教授
198,民事诉讼法,法学,南京师范大学,4,2019-04-05,2019-07-20,4.0,16,立即参加,731,8,刘敏教授、博士生导师
199,大学物理实验,理学,国防科技大学,5,2019-03-06,2019-06-30,3.0,17,立即参加,7248,37,何焰兰博士，教授
200,现代科技与人类未来,教育教学,大连大学,4,2019-03-04,2019-06-28,4.0,17,立即参加,2117,302,刘金寿教授郭辉副教授许矢林教授孙超副教授韩平副教授侯义龙教授
201,数学分析（三）,理学,华东师范大学,3,2019-02-18,2019-05-13,5.0,13,立即参加,16790,18,柴俊教授吴畏教授庞学诚教授戴浩晖讲师王丽萍副教授
202,航天器控制原理,工学,西北工业大学,5,2018-09-17,2019-01-18,4.0,18,已结束，查看内容,4099,7,周军教授刘莹莹教授黄河副教授刘睿讲师于晓洲副教授郭建国教授
203,大学生职业能力拓展,教育教学,哈尔滨工业大学,3,2018-05-07,2018-07-30,3.0,13,已结束，查看内容,6882,38,邢朝霞副教授孙雪研究员尹胜君讲师尹立一副教授董霖讲师王芳讲师王晶讲师何艺宁讲师刘凤就业指导教师
204,《论语》的智慧,文学文化,西安交通大学,7,2019-03-05,2019-06-16,2.0,15,立即参加,4115,206,陆卫明西安交通大学教授，博士生导师。
205,Python语言程序设计,计算机,北京理工大学,8,2019-03-11,2019-06-03,2.5,13,立即参加,158408,9605,嵩天副教授黄天羽副教授礼欣讲师
206,光电子学（一）,工学,西安交通大学,7,2019-03-04,2019-06-11,1.5,15,立即参加,678,11,朱京平教授，博导
207,中医诊断学（上）,医药卫生,北京中医药大学,8,2019-02-25,2019-06-30,4.0,18,立即参加,15012,280,王天芳教授吴秀艳教授薛晓琳教授赵燕副教授关静副教授宋月晗副教授杨毅玲教授马捷讲师
208,国际交流英语,外语,哈尔滨工业大学,7,2019-02-26,2019-05-27,1.5,13,立即参加,46134,634,周之南哈尔滨工业大学外国语学院教授马骏讲师任铭静讲师
209,程序设计与算法（一）C语言程序设计,计算机,北京大学,8,2019-02-18,2019-06-03,4.0,16,立即参加,11273,434,郭炜讲师
210,网络与新媒体应用模式,文学文化,华中科技大学,6,2019-02-22,2019-07-19,3.0,22,立即参加,4285,55,李卫东教授（科研岗）、博士生导师；系统分析师（高级工程师级）
211,高等数学（二）,理学,东北大学,4,2019-03-04,2019-07-01,5.0,18,立即参加,12184,80,孙艳蕊教授杨中兵副教授宋叔尼教授孔庆海教授韩志涛副教授孙涛副教授袁媛讲师刘静宜讲师钱金花副教授沈海龙讲师韩海燕讲师
212,新媒体概论,文学文化,浙江大学,10,2019-03-11,2019-05-11,4.0,9,立即参加,4415,137,韦路教授
213,中国历代服饰赏析,历史,上海工程技术大学,4,2019-02-25,2019-06-02,4.0,14,立即参加,7399,314,谢红教授郑彤讲师闫兰兰讲师周志鹏讲师陈晓娜讲师
214,孙子兵法鉴赏,哲学,福州大学,6,2019-03-13,2019-06-19,3.0,15,立即参加,7753,723,陈润华教授
215,大学生涯规划与职业发展,管理学,武汉理工大学,6,2019-03-04,2019-05-31,3.0,13,立即参加,4781,418,魏超副教授雷五明教授谢宝国副教授刘喆副教授张晓文讲师
216,英汉互译方法与技巧,外语,南京大学,3,2019-02-12,2019-05-28,4.0,16,立即参加,33209,353,姚媛副教授
217,博弈论,经济学,首都师范大学,7,2019-03-01,2019-06-14,3.0,16,立即参加,15650,241,焦宝聪教授，博士生导师，首都师范大学教育技术系主任方海光副教授王晓春副教授
218,普通昆虫学（一）,理学,华中农业大学,6,2019-02-18,2019-05-22,2.5,14,立即参加,2196,49,周兴苗副教授雷朝亮教授朱芬副教授牛长缨教授朱智慧副教授陈利珍副教授杨凤连副教授刘晓艳讲师
219,《说文解字》与上古社会,文学文化,武汉大学,7,2019-02-22,2019-07-01,1.0,19,立即参加,6496,638,万献初武汉大学文学院古籍整理研究所教授
220,模拟电子技术基础,工学,西安交通大学,7,2019-02-25,2019-06-07,2.0,15,立即参加,2981,59,赵进全教授
221,化妆品赏析与应用,医药卫生,四川大学,10,2019-03-11,2019-07-31,3.0,21,立即参加,10364,473,李利华西医院皮肤科主任，硕博士生导师薛丽讲师文翔主治医生胡念芳医师王曦主治医师华薇无
222,现场生命急救知识与技能,医药卫生,南昌大学,7,2019-03-06,2019-06-05,4.0,14,立即参加,15086,1071,郑莉萍教授郑月慧教授雷恩骏副教授，主任医师揭志刚教授，主任医师许建宁副主任医师
223,大学物理典型问题解析—近代物理,理学,北京理工大学,6,2019-04-09,2019-06-10,4.0,9,立即参加,1020,9,缪劲松副教授胡海云教授
224,当代青年心理学（二）青年身心发展篇,心理学,西南交通大学,8,2018-12-10,2019-01-15,3.0,6,老师已关闭该学期，无法查看,8572,99,宁维卫教授
225,多媒体技术与应用,计算机,同济大学,4,2019-02-25,2019-06-23,4.0,17,立即参加,2765,62,李湘梅副教授王颖副教授肖杨副教授
226,食品化学,工学,中国海洋大学,3,2019-03-11,2019-07-01,4.0,17,立即参加,1768,32,汪东风教授
227,科技与考古,历史,武汉大学,3,2019-03-05,2019-06-30,4.0,17,立即参加,2933,50,潘春旭教授（二级）
228,图像复制原理,工学,武汉大学,4,2019-02-26,2019-05-14,3.0,12,立即参加,464,7,刘全香教授李治江副教授
229,全球卫生导论,医药卫生,复旦大学,6,2019-02-25,2019-05-12,4.0,11,立即参加,570,20,陈文教授何纳教授钱序教授何更生教授姜庆五教授阚海东教授徐飚教授陈英耀教授傅华教授赵根明教授丁永明中级职称
230,工程材料与机械制造基础,工学,山东大学,8,2019-03-04,2019-06-23,4.0,16,立即参加,2512,47,张景德教授孙康宁教授李爱菊教授于美杰教授朱新德讲师张国芳讲师谷国超讲师汪宙副研究员张纪芝助理研究员王佃刚副教授
231,魅力汉语,文学文化,华中农业大学,6,2019-03-08,2019-06-07,4.0,14,立即参加,1883,266,兰霞副教授金艳副教授陈朝鲜讲师胡芬芬助研袁琳讲师
232,课堂问答的智慧与艺术,教育教学,爱课程,7,2019-03-11,2019-05-05,4.5,8,立即参加,4695,918,刘徽浙江大学教育学院副教授，硕士生导师浙江大学课程与学习科学系副系主任。
233,植物生理学,农林园艺,湖南农业大学,4,2019-03-11,2019-06-30,4.0,16,立即参加,1677,111,夏石头教授
234,基础微积分,理学, 中国科学技术大学,3,2019-03-04,2019-06-18,4.0,16,立即参加,2030,22,宣本金副教授
235,大学英语写作基础,外语,厦门大学,4,2019-02-18,2019-05-12,3.0,12,立即参加,33821,167,江桂英教授杨琨讲师陈冬兵讲师
236,西方文学经典鉴赏,文学文化,北京师范大学,7,2019-02-25,2019-06-15,4.0,16,立即参加,4190,121,刘洪涛教授
237,营养与健康讲座,工学,福建农林大学,4,2019-03-01,2019-05-24,3.0,13,立即参加,3193,564,姚闽娜副教授张怡教授卢旭讲师
238,ACCA财务管理F9,管理学,西安交通大学,4,2019-02-16,2019-07-25,4.0,23,立即参加,3397,3,田高良教授欧佩玉副教授齐保垒教授李留闯副教授
239,化学与社会,理学,大连理工大学,10,2019-02-19,2019-05-27,4.0,14,立即参加,897,75,胡涛教授，辽宁省普通高等学校化学类专业教学指导委员会秘书长孟长功教授，国家级教学名师，教育部高等学校实验教学指导委员会委员陶胜洋副教授
240,轻松学统计,经济学,江西财经大学,5,2019-03-03,2019-06-07,3.0,14,立即参加,6811,611,罗良清教授
241,思想道德修养与法律基础,法学,南京大学,3,2018-09-03,2019-01-11,3.0,19,已结束，查看内容,7981,44,李喜英教授赵浩讲师李海超助理研究员暴庆刚副教授吴翠丽副教授戴雪红教授高维无张伟讲师
242,中国现代文学史（一）,文学文化,福建师范大学,6,2019-03-11,2019-06-15,4.0,14,立即参加,3450,104,辜也平教授庄萱副教授王炳中副教授黄育聪讲师王申_913讲师
243,金属工艺学,工学,武汉理工大学,4,2019-01-28,2019-05-31,2.5,18,立即参加,3331,137,陈云副教授/硕导杜艳迎讲师吴超华讲师江丽讲师/硕导彭兆讲师胡勇副教授熊新红教授黄丰讲师史晓亮教授/博导王玉伏副教授朱超讲师
244,世界华文文学经典欣赏,文学文化,武汉大学,6,2019-02-18,2019-05-10,1.75,12,立即参加,22215,209,赵小琪武汉大学文学院教授、博士生导师张晶比较文学与世界文学博士，跨文化传播博士后，武汉大学文学院讲师。
245,国际金融,经济学,江西财经大学,4,2019-02-25,2019-06-25,3.5,18,立即参加,3250,39,汪洋教授刘兴华教授胡少勇副教授杨玉凤教授李英副教授
246,沟通心理学,心理学,哈尔滨工业大学,7,2019-03-04,2019-06-16,4.0,15,立即参加,224522,892,裴秋宇人文学院心理学系副教授，哈尔滨工业大学继续教育学院特聘教授，黑龙江省高校心理咨询专业委员会副秘书长
247,有机化学（下）,理学,大连理工大学,7,2019-03-01,2019-06-27,4.0,17,立即参加,2752,9,姜文凤教授，辽宁省教学名师，教育部大学化学教学指导委员会委员。于丽梅副教授高占先教授，国家教学名师。博士生导师。刘迪副教授，博士生导师。殷伦祥副教授
248,游戏化教学法,教育教学,爱课程,6,2018-11-10,2018-12-31,4.0,8,老师已关闭该学期，无法查看,7366,272,尚俊杰副教授曲茜美讲师朱云讲师曹培杰助理研究员蒋宇助理研究员肖海明无
249,教师法律风险防范,教育教学,爱课程,5,2019-03-01,2019-04-22,4.0,8,立即参加,2433,582,张冉副教授
250,Python数据分析与展示,计算机,北京理工大学,4,2019-04-22,2019-06-17,2.5,9,立即参加,2908,322,嵩天副教授
251,程序设计基础（C&C++）,计算机,电子科技大学,6,2019-02-20,2019-07-30,4.0,23,立即参加,6915,57,戴波副教授
252,半导体物理,工学,电子科技大学,4,2019-03-01,2019-06-30,4.0,18,立即参加,1951,58,刘诺教授
253,简明世界史（二）,历史,武汉大学,9,2019-02-04,2019-05-31,3.0,17,立即参加,9737,416,潘迎春教授、博士生导师
254,大学生创业基础,管理学,温州大学,3,2019-03-04,2019-06-23,4.0,16,立即参加,2059,485,施永川副教授刘洋教授钟卫东副教授王志强副教授陈赞安讲师
255,人人爱设计（上）,艺术设计,山东大学,4,2018-08-28,2018-11-17,2.0,12,已结束，查看内容,33323,123,王震亚王震亚，山东大学教授，硕士生导师，博士。
256,大学物理—振动、波动与光学,理学,北京理工大学,8,2019-04-29,2019-06-26,4.0,9,立即参加,1802,38,李英兰副教授刘兆龙教授
257,高速铁路工程,工学,西南交通大学,9,2019-03-04,2019-06-09,4.0,14,立即参加,844,116,易思蓉教授，博士生导师
258,机械原理,工学,西北工业大学,10,2019-02-25,2019-06-10,4.0,16,立即参加,5446,51,葛文杰教授，博士生导师
259,物理化学（下）,理学,武汉大学,8,2018-11-06,2019-01-03,3.0,9,已结束，查看内容,6359,9,王志勇副教授刘欲文副教授蒋风雷副教授
260,流体力学,工学,大连理工大学,3,2018-07-23,2018-11-17,3.0,17,已结束，查看内容,20240,48,刘志军教授许晓飞副教授刘凤霞副教授魏炜副教授王晓娟讲师
261,医学统计学,医药卫生,中山大学,5,2018-09-06,2018-12-31,4.0,17,已结束，查看内容,111924,112,郝元涛教授/博士生导师，中山大学公共卫生学院院长方积乾教授、博士生导师张晋昕副教授凌莉教授/博士生导师林爱华副教授郝春副教授陈雯讲师曾芳芳助理实验师朱淑明实验师
262,高等数学（四）,理学,同济大学,3,2018-04-16,2018-06-30,4.0,11,已结束，查看内容,82992,24,兰辉副教授张弢副教授周朝晖副教授张华隆教    授李少华教授孙娟娟讲师黄长水讲师殷俊锋教授濮燕敏副教授李忠华副教授朱晓平副教授
263,嵌入式系统与实验,工学,厦门大学,6,2019-02-25,2019-06-15,2.5,16,立即参加,2009,27,李晓潮副教授，博士生导师陈艺慧工程师解永军高级工程师冯超高级工程师
264,用Python玩转数据,计算机,南京大学,7,2019-03-12,2019-05-28,3.0,12,立即参加,12685,659,张莉副教授
265,大学物理—近代物理,理学,北京理工大学,8,2019-04-09,2019-06-10,4.0,9,立即参加,1190,31,胡海云教授缪劲松副教授
266,粉体力学,工学,大连理工大学,3,2018-03-12,2018-06-29,4.0,16,已结束，查看内容,1217,9,刘志军教授刘凤霞副教授许晓飞副教授魏炜副教授
267,C语言程序设计精髓,计算机,哈尔滨工业大学,10,2019-02-11,2019-06-30,3.0,20,立即参加,31339,621,苏小红博士，教授，博士生导师赵玲玲讲师叶麟讲师张彦航副教授。吕浩音副教授廖雪花副教授
268,局部解剖学,医药卫生,山东大学,10,2019-02-25,2019-06-02,6.0,14,立即参加,5642,30,李振中教授刘真副教授丁兆习副教授
269,资源经济学,经济学,东北大学,5,2019-03-04,2019-07-29,4.0,22,立即参加,653,6,顾晓薇教授 博士生导师王青教授，博士生导师，辽宁省教学名师。邱景平副教授胥孝川讲师
270,英语演讲,外语,集美大学,3,2019-03-30,2019-06-30,2.0,14,立即参加,5061,98,蒋联江副教授杨若琳讲师程敏讲师许美华讲师黄锐教授赵以讲师林燕副教授
271,公司法,法学,四川大学,4,2019-03-04,2019-06-30,3.0,17,立即参加,4543,84,李平教授刘畅副教授
272,电工技术（电工学 上）,工学,大连理工大学,6,2019-02-25,2019-05-27,4.0,14,立即参加,2681,21,陈希有教授章艳副教授
273,数字逻辑设计及应用,工学,电子科技大学,7,2019-02-19,2019-06-28,4.0,19,立即参加,3090,47,姜书艳教授本科核心课程（数字逻辑设计及应用）首席教授控制科学与工程系书记张鹰教授陈瑜高级工程师卢有亮副教授金燕华高级工程师周鹰副研究员王振松讲师张刚讲师
274,电路分析基础,工学,南京邮电大学,10,2019-02-25,2019-06-10,4.0,16,立即参加,5001,96,刘陈教授周井泉教授于舒娟副教授谢娜讲师孙蔚讲师李娟讲师陆峰副教授张宇飞副教授单剑锋副教授史学军讲师王秀梅讲师屈科讲师郑义讲师
275,力学世界（人文、社科、经济、管理等专业适用）,理学,西安交通大学,8,2019-02-18,2019-04-30,4.5,11,立即参加,775,5,刘萍副教授方爱平副教授徐忠锋教授李宏荣教授刘丹东副教授
276,复变函数与积分变换,理学,华中科技大学,5,2019-03-01,2019-05-31,4.0,14,立即参加,4718,72,李红教授彭丽副教授尹慧副教授魏金波副教授谢松法副教授施保昌教授杨美华教授柴振华教授路志宏副教授刘金山副教授段志文无王琼讲师黄乘明教授覃婷婷副教授
277,光纤通信,工学,南京邮电大学,4,2019-02-25,2019-06-16,3.0,16,立即参加,1514,30,沈建华教授齐丽娜副教授陈健 教授
278,艺术教育,艺术设计,保定学院,6,2019-04-01,2019-06-10,4.0,11,立即参加,4610,326,孟抗美教授孙燕教授方有才讲师张春霞教授马昕讲师张培燕讲师
279,当代青年心理学（三）青年自我意识篇,心理学,西南交通大学,8,2019-03-18,2019-04-21,4.0,5,立即参加,2619,21,宁维卫教授
280,微积分启蒙,理学,北京航空航天大学,9,2019-02-26,2019-06-24,4.0,17,立即参加,1603,17,李尚志教授
281,微机原理与接口技术,计算机,北京交通大学,4,2019-03-01,2019-06-30,4.0,18,立即参加,5283,91,戴胜华教授付文秀副教授黄赞武副教授于振宇讲师崔勇副教授李鹏副教授李丹勇副教授李正交实验师周兴助理实验师
282,消防系统工程与应用,工学,金陵科技学院,6,2019-04-01,2019-06-23,3.0,12,立即参加,765,834,高素美副教授牟福元讲师牟淑志副教授周广连高级工程师吴恩副教授姜玉东讲师
283,形势与政策,法学,河北科技大学,5,2019-03-23,2019-07-10,1.0,16,立即参加,15933,4587,甘玲教授陈凤英研究员解占彩教授温小勇副教授张志华无
284,航空航天概论,工学,北京航空航天大学,9,2019-03-06,2019-06-15,3.0,15,立即参加,2692,119,杨超教授，课程负责人贾玉红教授，课程负责人李道春卓越百人计划副教授黄俊教授吴永康副教授朱斯岩讲师黄沛霖副教授
285,高等数学先修课,理学,西南财经大学,4,2018-08-01,2018-09-11,1.5,6,已结束，查看内容,29686,166,朱文莉教授方敏教授王磊副教授扈志明副教授潘国双高级讲师
286,航空燃气涡轮发动机结构设计,工学,北京航空航天大学,6,2019-02-18,2019-05-26,4.0,14,立即参加,2267,101,洪杰教授马艳红教授
287,电磁场与电磁波,工学,武汉大学,4,2019-02-18,2019-06-17,2.5,18,立即参加,2878,31,王慧教授
288,马克思主义基本原理概论,法学,武汉大学,6,2019-02-25,2019-07-20,2.5,21,立即参加,29236,552,孙来斌武汉大学珞珈特聘教授、博士生导师、马克思主义基本理论系主任，兼任全国邓小平理论研究会常务理事。陈世锋副教授、硕士生导师、马克思主义基本原理教研室副主任、兼任九三学社湖北省委青工委副主任。陈训威实验中心主任，高工杨礼银副教授袁银传教授周金华副教授杨虹副教授杨军教授，博士生导师。张乾元教授舒少泽副教授沈云龙讲师李高荣副教授刘秉毅讲师黄沁茗副教授
289,计算机系统基础（二）：程序的执行和存储访问,计算机,南京大学,5,2019-03-11,2019-06-04,4.0,13,立即参加,2015,88,袁春风计算机科学与技术系教授
290,算法设计与分析,计算机,北京大学,1,2018-03-12,2018-07-30,2.5,21,已结束，查看内容,35657,45,汪小林教授罗国杰副教授蒋婷婷副教授屈婉玲教授
291,城市总体规划,工学,同济大学,6,2019-03-04,2019-06-10,3.0,15,立即参加,4013,52,彭震伟教授
292,新型陶瓷材料及商业应用,工学,福州大学,4,2019-03-04,2019-05-30,3.0,13,立即参加,4557,29,于岩教授，博导，教务处处长林枞副教授吴啸副教授黄晓巍副教授陈俊锋副教授
293,中国传统艺术——篆刻、书法、水墨画体验与欣赏,艺术设计,哈尔滨工业大学,7,2019-03-25,2019-06-02,1.5,10,立即参加,15366,116,胡修瑞副教授
294,走进创业,管理学,南京大学,6,2019-03-24,2019-06-30,3.0,15,立即参加,5362,356,王自强/陶向南副教授陶向南副教授
295,国际金融学,经济学,湖南大学,6,2019-02-25,2019-06-02,3.5,14,立即参加,6216,72,杨胜刚教授姚小义教授吴志明副教授邵新力副教授肖曼君教授姜昱副教授何娟文副教授刘晓兰讲师陈珂助理教授刘晓剑助理教授杨晓临助理教授成程助理教授
296,畜牧学概论,农林园艺,华中农业大学,5,2019-02-18,2019-07-31,3.0,24,立即参加,1590,142,左波教授任竹青教授徐德全教授雷明刚教授黄飞若教授滑国华副教授梁爱心副教授柴进副教授郑嵘副教授齐智利副教授
297,药理学,医药卫生,山东大学,7,2019-02-26,2019-06-16,2.5,16,立即参加,8260,73,张岫美教授王立祥副教授
298,C编程方法学,计算机,武汉理工大学,6,2019-02-14,2019-06-30,4.0,20,立即参加,13129,31,李民副教授钟钰讲师吕曦讲师孙骏讲师秦珀石讲师李宁讲师毛薇讲师汤练兵讲师李屾讲师陈志铭副教授
299,Java程序设计,计算机,北京大学,5,2019-02-18,2019-06-18,5.0,18,立即参加,32854,845,唐大仕北京大学博士、教师
300,大学计算机,计算机,西安交通大学,8,2019-02-25,2019-06-17,2.5,17,立即参加,3674,35,吴宁教授崔舒宁西安交通大学，讲师陈文革西安交通大学电信学院，教授杨忠孝工程师齐琪工程师
301,电路,工学,北京交通大学,4,2019-03-04,2019-06-30,4.0,17,立即参加,2303,30,黄辉教授叶晶晶副教授苏粟副教授王喜莲教授佟庆彬副教授马晓春副教授李腾副教授罗国敏讲师许寅教授
302,计算机原理,计算机,国防科技大学,3,2018-03-12,2018-07-26,4.0,20,已结束，查看内容,20636,29,唐玉华研究员刘芳副教授陈微副教授马胜助理研究员
303,数据库技术及应用,计算机,东北师范大学,7,2019-03-11,2019-06-24,4.0,16,立即参加,4428,58,李雁翎教授、博导蒲东兵副教授罗娜副教授孙红光副教授张靖波副教授张邦佐副教授王红岩讲师
304,线性代数,理学,山东大学,10,2019-03-16,2019-06-22,4.0,15,立即参加,21943,297,秦静教授/博士生指导教师金辉讲师宫献军副教授王玮副教授王妍副教授杜宁教授马克颖副教授许玉铭副教授高夫征副教授亓兴勤教授孙薇讲师张旭副研究员宋慧敏副教授杨维强讲师崔明荣教授孙庆华副教授穆增超讲师
305,管理沟通：思维与技能,经济学,哈尔滨工业大学,7,2019-03-01,2019-06-30,2.5,18,立即参加,28703,468,张莉教授/博导刘宝巍讲师
306,职熵—大学生职业素养与能力提升,教育教学,中国海洋大学,6,2019-02-20,2019-06-15,2.5,17,立即参加,1379,46,魏丽娟职业发展教育教师曹娟分学院团委书记，辅导员，讲师，职业发展教育教师
307,数字电子技术基础,工学,国防科技大学,9,2019-03-15,2019-07-02,5.0,16,立即参加,3965,60,库锡树教授丁文霞教授罗笑冰副教授程江华副教授刁节涛教授杜湘瑜教授张亮讲师田曦副教授杨明胜副研究员刘菊荣高级工程师翟庆林讲师余安喜副教授
308,画法几何及土木工程制图（上）,工学,大连理工大学,4,2019-02-24,2019-05-27,4.5,14,立即参加,3322,38,王子茹教授何斌副教授
309,高等数学（一）,理学,国防科技大学,7,2018-09-17,2018-11-18,4.0,9,已结束，查看内容,83763,105,朱健民教授李建平教授黄建华教授王晓教授周敏教授刘雄伟副教授罗永副教授赵侠副教授吴强副教授王焱副教授耿美华副教授
310,英语语法与写作,外语,暨南大学,6,2019-03-01,2019-06-07,3.0,15,立即参加,19501,261,朱湘军副教授
311,分析化学,理学,中国地质大学,5,2019-02-25,2019-06-02,4.0,14,立即参加,3238,12,帅琴教授鲁立强副教授邱海鸥教授彭月娥副教授李季副教授黄云杰副教授
312,陶瓷工艺学,工学,福州大学,7,2019-03-04,2019-06-10,3.0,15,立即参加,9337,91,于岩教授，博导，教务处处长黄晓巍副教授陈俊锋副教授林枞副教授庄赞勇副研究员
313,宝石加工工艺学,工学,金陵科技学院,7,2018-09-15,2018-12-15,4.0,14,已结束，查看内容,3130,9,廖望春副教授刘自强教授汪国辉讲师
314,化工原理（下册）,工学,大连理工大学,4,2019-02-18,2019-06-16,4.0,17,立即参加,1599,19,潘艳秋教授
315,现代市场营销素质与能力提升,管理学,哈尔滨工程大学,5,2019-03-15,2019-06-30,3.0,16,立即参加,906,70,杨洪涛教授
316,中国茶道,文学文化,湖南农业大学,7,2019-03-11,2019-05-26,4.0,11,立即参加,13940,640,朱海燕教授
317,管理心理学（上）,心理学,电子科技大学,6,2019-03-11,2019-05-03,4.0,8,立即参加,11843,223,祝小宁教授/博导
318,C++语言程序设计（下）——从C到C++,计算机,中国农业大学,6,2019-02-25,2019-05-19,4.0,12,立即参加,6088,19,阚道宏副教授
319,混凝土结构设计原理,工学,湖南大学,4,2019-03-03,2019-06-29,3.5,17,立即参加,4060,48,张望喜副教授方志教授廖莎副教授黄靓教授黄远副教授周云副教授唐昌辉副教授
320,数学实验,理学,电子科技大学,5,2019-02-25,2019-05-19,3.0,12,立即参加,2847,19,张勇副教授房秀芬副教授张晓伟讲师黄捷副教授王志勇副教授李厚彪教授赵熙乐研究员秦旭副教授彭小帆讲师文春副教授刘艳副教授原子霞副教授韦鵾讲师骆艳讲师王朝霞讲师杨宇明讲师胡科副教授窦芳芳副教授王颖副教授张文星副教授
321,机械制图及数字化表达,工学,北京理工大学,5,2019-02-17,2019-06-09,4.0,17,立即参加,3157,32,杨薇副教授张京英教授佟献英副教授张彤副教授张辉副高
322,大学生科技创新课程之节能减排社会实践与科技竞赛,工学,西南交通大学,4,2019-03-11,2019-06-15,3.0,14,立即参加,544,15,张祖涛教授/博士生导师罗大兵副教授潘亚嘉副教授李毅西南交通大学机械学院副书记，学生工作组组长孔祥彬国家一级职业指导师 / 西南交通大学学生工作部老师
323,海洋与人类文明的生产,文学文化,福州大学,7,2019-03-25,2019-06-03,2.0,11,立即参加,940,104,苏文菁教授
324,走进性科学,理学,福建师范大学,6,2019-03-01,2019-06-15,3.0,16,立即参加,7855,977,江剑平博士，副教授，硕导，中国性学会性教育专委会副主任委员，中国性学会理事，福建生理学会副理事长黄键教授陈雅娟讲师
325,公司理财,管理学,华中农业大学,4,2019-03-11,2019-06-28,4.0,16,立即参加,2053,36,包晓岚副教授
326,商务英语,外语,中南财经政法大学,4,2019-03-12,2019-05-14,3.0,10,立即参加,12515,125,袁奇副教授
327,工程图学,工学,天津大学,3,2019-02-25,2019-06-30,4.5,18,立即参加,2537,163,姜杉教授徐健副教授喻宏波副教授丁伯慧副教授田颖副教授胡明艳讲师郑惠江副教授邢元副教授李君兰副教授吴芝亮副教授丁雅斌副高牛文铁副教授李金和工程师高卫国副教授景秀并副教授杨成娟讲师刘玉红副教授李进华副教授郑淑贤副教授李建民副教授张晓峰讲师林孟霞工程师王凯峰副教授杨亚楠讲师赵兴玉副教授陈光副教授王福军特聘研究员安蔚瑾副教授
328,分子生物学,理学,武汉大学,9,2019-03-01,2019-05-31,4.0,14,立即参加,7088,50,刘青珍教授
329,理论力学,工学,哈尔滨工业大学,6,2019-02-25,2019-06-30,4.0,18,立即参加,8951,119,"孙毅教授 博士生指导教师  国家教学名师张莉教授 博士生指导教师曾凡林教授,  博士生导师"
330,零基础学Java语言,计算机,浙江大学,6,2019-03-11,2019-06-01,5.0,12,立即参加,21588,1774,翁恺教师
331,生态文明——撑起美丽中国梦,农林园艺,福建农林大学,5,2019-02-25,2019-06-03,2.0,15,立即参加,645,208,林文雄教授张重义教授何华勤教授陈冬梅副教授范水生副教授曾任森教授吴则焰副教授
332,应用光学,工学,北京理工大学,5,2019-03-11,2019-06-17,4.5,15,立即参加,1360,47,黄一帆副教授李林教授
333,创新管理,管理学,浙江大学,4,2019-02-25,2019-06-15,4.0,16,立即参加,2963,94,郑刚副教授、博导郭斌教授金珺副教授杜健副教授刘洋研究员
334,工程索道,工学,福建农林大学,4,2019-02-25,2019-05-31,2.0,14,立即参加,395,17,郑丽凤教授
335,社会学概论,法学,西安交通大学,7,2019-03-04,2019-06-16,4.0,15,立即参加,3482,61,杨建科教授童梅副教授彭瑾讲师陈皆明教授边燕杰教授
336,微观经济学,经济学,武汉大学,10,2019-03-11,2019-06-02,3.0,12,立即参加,83094,445,文建东教授
337,现代工程制图（上）,工学,大连理工大学,6,2019-02-25,2019-06-24,4.0,18,立即参加,4324,291,王丹虹教授、教育部工程图学课程教学指导分委员会委员高菲副教授冯冬菊副教授王雪飞讲师王殿龙教授陈霞讲师郭莉讲师柴晓艳高级工程师
338,理论力学,工学,西南交通大学,8,2019-02-25,2019-06-30,4.0,18,立即参加,1687,48,鲁丽副教授葛玉梅教授刘菲教授杨翊仁教授，博导
339,时尚与品牌,艺术设计,浙江理工大学,3,2019-02-26,2019-06-26,2.5,18,立即参加,5204,130,任力教授
340,线性代数,理学,北京理工大学,8,2019-02-26,2019-06-15,4.0,16,立即参加,12263,47,孙良教授闫桂峰副教授闫晓霞讲师李春辉讲师
341,计算机硬件技术基础,计算机,东北大学,4,2019-03-04,2019-06-24,2.5,17,立即参加,2372,12,柳秀梅副教授徐彬副教授张昱讲师
342,国家预算管理,经济学,中南财经政法大学,6,2019-02-25,2019-06-16,4.0,16,立即参加,1953,26,王金秀教授魏福成副教授
343,高等数学习题课（二）,理学,哈尔滨工业大学,5,2019-03-09,2019-06-28,4.0,16,立即参加,3263,8,尹逊波教授
344,计量地理学,理学,华东师范大学,7,2019-03-04,2019-06-30,4.5,17,立即参加,1185,55,徐建华教授，博士生导师
345,园艺概论,农林园艺,华中农业大学,6,2019-03-05,2019-06-30,2.5,17,立即参加,2665,153,徐强教授潘志勇副教授何燕红副教授杨静讲师伍小萌讲师范刚副教授
346,客户关系管理,管理学,重庆大学,3,2019-03-11,2019-06-10,4.0,14,立即参加,1268,169,钱丽萍教授
347,如何识别和评估创业机会,管理学,厦门大学,5,2019-04-07,2019-06-15,2.0,10,立即参加,158,60,木志荣副教授
348,经济学导论,经济学,对外经济贸易大学,3,2019-03-04,2019-06-30,1.5,17,立即参加,5628,71,施丹副教授
349,电工技术与电子技术（二）（电工学  下）,工学,中国矿业大学,4,2019-02-18,2019-06-30,4.0,19,立即参加,4995,56,王香婷教授徐瑞东教授刘玉英副教授戴新联副教授张晓春讲师周一恒讲师张晓光副教授王攀攀讲师
350,光学,理学,中山大学,4,2019-02-25,2019-07-05,4.0,19,立即参加,1585,18,陈敏教授赵福利教授董建文教授沈韩副教授谢明远副研究员庞晓宁副研究员冯饶慧工程师陈晓东副研究员
351,管理沟通,经济学,华北电力大学,8,2019-03-12,2019-06-04,1.0,13,立即参加,7943,229,赵洱岽教授，研究生导师国防教授马晓颖博士讲师
352,自我塑造：成功五要素,教育教学,哈尔滨工业大学,8,2019-03-12,2019-06-02,3.0,12,立即参加,2963,122,陈月华教授、博士生导师
353,大学生科技创新课程之智慧城市技术与创意大赛,工学,西南交通大学,3,2018-12-03,2019-01-21,3.0,8,已结束，查看内容,1356,8,张祖涛教授/博士生导师潘亚嘉副教授罗大兵副教授余卉讲师许永生讲师
354,现代遗传学,理学,厦门大学,5,2019-03-01,2019-06-21,4.0,17,立即参加,1776,31,王亚梅副教授靳全文教授肖能明教授
355,美在民间,艺术设计,南京农林大学,4,2019-03-30,2019-05-31,4.0,9,立即参加,1636,95,胡燕博士，教授，硕导，南京农业大学教务处副处长、公共艺术教育中心副主任、国家级普通话测试员。朱志平讲师，南京农业大学公共艺术教育中心办公室主任杨旺生教授李伟助理研究员侯广旭教授韩一杰无谭智贇研究实习员王佩佩无
356,中国哲学史（先秦部分）,哲学,武汉大学,3,2018-09-10,2019-06-03,4.0,39,立即参加,11966,125,李维武教授秦平副教授廖璨璨副教授郑泽绵副教授肖航副教授
357,测量学,工学,电子科技大学,5,2019-03-12,2019-07-31,3.0,21,立即参加,1737,67,何彬彬教授，博士生导师官雨薇实验师行敏锋副教授全兴文讲师
358,公司金融学,经济学,西南财经大学,6,2019-03-07,2019-05-16,4.0,11,立即参加,7034,125,许志副教授
359,家庭理财,经济学,大连理工大学,3,2018-10-30,2019-02-25,4.0,17,已结束，查看内容,19121,66,姚宏副教授刘彦文副教授
360,结构力学——静定结构力学,工学,大连理工大学,4,2019-02-25,2019-05-27,6.0,14,立即参加,1507,10,陈廷国教授曲激婷副教授
361,生活药学,医药卫生,福建师范大学,5,2019-03-04,2019-06-07,2.0,14,立即参加,5122,595,林清强高级实验师
362,西方现代化视野下的英美文学,外语,西南交通大学,4,2019-03-03,2019-07-14,2.5,20,立即参加,1579,202,李成坚教授孙颖讲师侯斌英副教授张睿讲师陈小鸥讲师但鸽讲师钱亚旭讲师胡婧讲师郑博仁讲师
363,宠物犬鉴赏,农林园艺,华中农业大学,5,2019-03-11,2019-05-11,2.5,9,立即参加,2763,108,熊家军副教授
364,全球化与中国文化,外语,西南交通大学,4,2019-02-25,2019-06-30,1.5,18,立即参加,1903,284,王俊棋副教授王昕讲师侯斌英副教授高岚讲师张洁讲师崔罡讲师孙颖讲师
365,微积分（四）,理学,电子科技大学,2,2018-04-30,2018-07-22,4.0,12,已结束，查看内容,14950,3,高建教授冷劲松教授汪小平讲师高中喜副教授程光辉教授何国良副教授米文副教授余时伟讲师夏红副教授窦芳芳副教授王晓梅副教授刘碧森无
366,数字信号处理,工学,北京交通大学,5,2019-02-19,2019-06-11,4.0,17,立即参加,2982,39,陈后金教授，博士生导师。胡健副教授薛健副教授李艳凤副教授黄琳琳教授陶丹教授申艳副教授钱满义讲师周航副教授
367,石油工业概论,工学,中国石油大学,5,2019-02-25,2019-06-07,4.0,15,立即参加,2601,247,张卫东教授王德民院士刘建林教授倪红坚教授郭辛阳gdayang郭卫萍助教刘冬冬讲师靳纪军讲师孟红霞讲师李明川副教授
368,人体骨与关节解剖学,医药卫生,宁波大学,4,2019-03-08,2019-06-08,3.0,14,立即参加,3389,179,尹维刚教授
369,高速铁路规划与选线,工学,西南交通大学,7,2019-03-04,2019-06-04,4.0,14,立即参加,592,71,易思蓉教授，博士生导师
370,药物化学,理学,福州大学,4,2019-03-18,2019-06-30,3.0,15,立即参加,803,14,黄剑东教授
371,自动控制原理（二）,工学,华中科技大学,5,2019-02-18,2019-06-30,4.0,19,立即参加,2545,7,樊慧津教授黄剑教授苏厚胜教授刘磊副教授张海涛教授王永骥教授王燕舞教授张征副教授秦元庆讲师李炜自动化学院 教授秦肖臻副教授
372,财政学,经济学,中南财经政法大学,5,2019-02-25,2019-06-07,2.0,15,立即参加,4788,76,刘京焕教授李景友副教授陈志勇教授毛晖教授
373,高等数学（一）,理学,东北大学,4,2018-09-10,2019-01-04,5.0,17,已结束，查看内容,35557,114,孙艳蕊教授杨中兵副教授宋叔尼教授孔庆海教授韩志涛副教授孙涛副教授袁媛讲师刘静宜讲师钱金花副教授沈海龙讲师韩海燕讲师
374,天线原理,工学,哈尔滨工业大学,5,2019-04-15,2019-06-24,1.5,11,立即参加,715,22,林澍副研究员
375,中国诗歌艺术,文学文化,四川大学,6,2019-02-28,2019-06-30,2.0,18,立即参加,25741,191,王红教授伍晓蔓副教授
376,外国文学史（一）,文学文化,浙江工商大学,5,2019-02-12,2019-06-04,3.0,17,立即参加,12447,118,"蒋承勇教授、博导；国家教学名师，中国外国文学教学研究会会长，教育部“面向21世纪课程教材”《外国文学史》主编之一。李艳梅博士,副教授.程丽蓉博士，教授。于琦博士，教授。曾繁亭博士，教授，博士生导师。陈军博士，副教授。"
377,数学分析（二）,理学,华东师范大学,4,2018-11-19,2019-02-25,5.0,15,已结束，查看内容,22256,18,柴俊教授庞学诚教授吴畏教授王丽萍副教授戴浩晖讲师
378,综合能力训练（ERP模拟经营沙盘）,管理学,西南财经大学,4,2019-03-09,2019-05-31,4.0,12,立即参加,4514,281,邹燕副教授贾林可讲师
379,离散数学概论,计算机,北京大学,3,2019-03-07,2019-06-20,2.5,16,立即参加,6482,80,陈斌副教授
380,“互联网+”时代的颠覆与创新,管理学,湖南大学,6,2019-03-01,2019-06-01,1.5,14,立即参加,2979,283,朱国玮副教授
381,概率论与数理统计,理学,国防科技大学,7,2019-02-25,2019-07-01,4.0,19,立即参加,2887,30,吴翊教授
382,预防医学（二）,医药卫生,复旦大学,4,2018-11-05,2019-01-07,4.0,10,已结束，查看内容,6123,64,傅华教授彭伟霞讲师郑频频副教授赵琦戴俊明复旦大学预防医学教研室副教授，医学博士，硕士研究生导师。薛琨讲师丁永明中级职称
383,生物制药工艺学（技术与基础）,医药卫生,中国药科大学,5,2019-02-25,2019-06-25,4.0,18,立即参加,1535,79,高向东教授，博导郑珩副教授何书英副教授孔毅副教授劳兴珍副教授童玥副教授
384,太极拳文化与功法习练,教育教学,武汉理工大学,6,2019-02-18,2019-05-18,1.5,13,立即参加,3583,204,易鹏副教授、硕士生导师、青年教学名师、世界太极拳冠军、全运会太极全能冠军、国际级运动健将、国家级武术裁判
385,大学物理-电磁学和光学,理学,山东大学,10,2019-04-16,2019-07-02,3.0,12,立即参加,1717,22,李玉香教授葛美华副教授刘建强教授，基础物理教学研究中心主任于淑云副教授
386,无机及分析化学（上）,理学,华中农业大学,7,2019-02-17,2019-05-22,5.0,14,立即参加,3746,109,王运教授胡先文副教授李慧慧讲师康勤书副教授刘永红副教授陆冬莲讲师刘玲芝副教授
387,力学(上),理学,吉林大学,5,2018-08-28,2018-11-12,4.0,11,已结束，查看内容,5293,7,张汉壮教授（博导）倪牟翠副教授
388,金属材料及热处理,工学,中国地质大学,5,2019-02-18,2019-05-18,4.0,13,立即参加,3454,94,徐林红副教授饶建华教授杨洋讲师张文颖机械工程系副教授赵权助教
389,《新教伦理与资本主义精神》导读,哲学,复旦大学,5,2018-09-17,2018-12-29,1.5,15,已结束，查看内容,30920,262,郁喆隽复旦大学哲学学院副教授
390,大学英语综合课程(一),外语,国防科技大学,6,2019-03-05,2019-06-06,4.0,14,立即参加,11917,98,林骊珠副教授粟进英教授贺海涛副教授曾祥娟副教授焦新平副教授胡卫星副教授敖锋副教授陈菁人文与社会科学学院语言文化研究所讲师刘缔讲师李园芳讲师饶岚副教授
391,中国近现代史纲要,法学,武汉大学,6,2019-02-25,2019-07-20,2.5,21,立即参加,6882,1965,宋俭武汉大学马克思主义学院教授，博士生导师。武汉大学教学名师。万军杰副教授，硕士生导师，“中国近现代史纲要”课程教研中心副主任。陈训威实验中心主任，高工李勤武汉大学马克思主义学院教授，硕士生导师。吴向伟副教授卢勇副教授李华武汉大学马克思主义学院副教授丁俊萍武汉大学马克思主义学院教授，博导，国家级教学名师，国家教育部社会科学委员会委员徐嘉鸿讲师李学桃讲师
392,会计学原理,管理学,福州大学,5,2019-03-01,2019-05-26,3.5,13,立即参加,6796,279,房桃峻副教授林兢教授袁寒松副教授刘昌华副教授郑礼光副教授蔡胜军讲师曾萌讲师
393,普通化学,理学,大连理工大学,6,2019-02-19,2019-05-27,4.0,14,立即参加,1881,14,胡涛教授，辽宁省普通高等学校化学类专业教学指导委员会秘书长孟长功教授，国家级教学名师，教育部高等学校实验教学指导委员会委员于永鲜副教授王慧龙大连理工大学化学学院教授陶胜洋副教授张建军教授
394,古诗今读,文学文化,北京语言大学,3,2019-03-05,2019-05-31,1.5,13,立即参加,2842,337,韩经太教授
395,生物医学工程概论,工学,西北工业大学,4,2019-03-01,2019-06-30,3.0,18,立即参加,856,34,卢婷利教授杨鹏飞副教授叶雅静副教授陈强副教授张妍妮讲师
396,运筹学,管理学,江西财经大学,4,2019-03-01,2019-06-30,4.0,18,立即参加,6556,94,刘满凤教授王翠霞副教授万树平教授万建香教授梁威助理研究员万龙副教授
397,高速铁路信号系统,工学,西南交通大学,5,2019-03-11,2019-05-19,4.0,10,立即参加,568,22,郭进教授
398,货币金融学,经济学,对外经济贸易大学,3,2019-03-11,2019-06-24,3.0,16,立即参加,7527,170,蒋先玲教授
399,VisualBasic.NET程序设计入门,计算机,同济大学,8,2019-02-18,2019-05-12,4.0,12,立即参加,4334,26,龚沛曾电子与信息工程学院 教授杨志强教授朱君波讲师肖杨副教授李湘梅副教授
400,社会调查与研究方法,法学,北京大学,2,2018-10-15,2019-01-28,4.0,16,已结束，查看内容,11538,81,邱泽奇教授
401,普通昆虫学（二）,理学,华中农业大学,6,2019-03-18,2019-06-19,2.5,14,立即参加,906,34,周兴苗副教授雷朝亮教授朱芬副教授牛长缨教授朱智慧副教授杨凤连副教授陈利珍副教授刘晓艳讲师
402,网络技术与应用,计算机,南京邮电大学,9,2019-02-21,2019-05-19,3.0,13,立即参加,5390,227,杨庚教授，博士生导师胡素君副教授李鹏副教授王雪梅副教授成卫青教授刘尚东讲师
403,单片机原理及应用,工学,哈尔滨工业大学,5,2018-10-16,2018-11-20,4.0,6,已结束，查看内容,38789,71,张毅刚教授赵光权副教授刘丹讲师
404,大学化学（下）,理学,中南大学,6,2019-03-11,2019-06-30,4.0,16,立即参加,1771,18,王一凡教授
405,高等数学（三）,理学,同济大学,4,2019-02-25,2019-04-29,4.0,10,立即参加,41541,87,张弢副教授兰辉副教授孙娟娟讲师李忠华副教授濮燕敏副教授李少华教授周朝晖副教授
406,高级语言程序设计,计算机,吉林大学,9,2019-03-25,2019-06-26,3.5,14,立即参加,966,310,张长海教授/博士生导师陈娟副教授吕帅副教授
407,医学生理学,医药卫生,山东大学,7,2019-02-25,2019-07-10,3.0,20,立即参加,5788,34,刘传勇教授 、生理学博士生导师崔敏副教授李景新教授于晓教授于书彦副教授王双连讲师
408,材料力学,工学,东北大学,5,2019-02-24,2019-06-30,4.0,19,立即参加,2043,24,刘军东北大学理学院工程力学系副教授战宇讲师李英梅副教授张凤鹏教授张英杰副教授池维超讲师
409,动物生理学,理学,华中农业大学,7,2019-02-18,2019-05-31,6.0,15,立即参加,3679,95,李大鹏教授，博士生导师汤蓉副教授杨秀平教授伍晓雄副教授徐在言副教授迟巍副教授谢胜松副教授张曦讲师曾翠平讲师
410,政治伦理学,法学,四川大学,8,2019-03-05,2019-06-30,4.0,17,立即参加,1176,26,阎钢教授谢卫东讲师邢海晶教授
411,经典导读与欣赏,文学文化,西南大学,6,2019-03-11,2019-06-30,3.0,16,立即参加,2985,65,董小玉教授
412,高等数学（二）,理学,国防科技大学,7,2018-11-12,2019-01-28,4.0,12,已结束，查看内容,35383,23,朱健民教授李建平教授黄建华教授周敏教授王晓教授刘雄伟副教授罗永副教授赵侠副教授吴强副教授王焱副教授
413,数字营销：走进智慧的品牌,文学文化,暨南大学,7,2019-03-14,2019-06-13,2.5,14,立即参加,3503,269,谷虹副教授
414,口腔解剖生理学,医药卫生,西安交通大学,4,2019-03-01,2019-06-01,4.0,14,立即参加,4074,20,孙慧玲副研究员
415,中国衣裳——传统服装文化,文学文化,西南交通大学,4,2019-03-18,2019-07-08,3.0,17,立即参加,3530,319,李任飞副教授向仲敏副研究员崔罡讲师
416,大学生科技创新课程之机械创新设计大赛,工学,西南交通大学,4,2019-03-25,2019-06-30,2.0,14,立即参加,756,27,张祖涛教授/博士生导师罗大兵副教授潘亚嘉副教授
417,Python网络爬虫与信息提取,计算机,北京理工大学,5,2019-03-25,2019-05-20,2.5,9,立即参加,14753,1288,嵩天副教授
418,吴文化史,历史,苏州大学,6,2019-03-22,2019-06-29,3.0,15,立即参加,739,174,王卫平教授，博士生导师。
419,数字信号处理,工学,西安电子科技大学,4,2019-02-18,2019-05-24,4.0,14,立即参加,3446,25,田春娜教授高新波教授李洁教授阔永红教授
420,交通管理与控制,工学,东南大学,4,2019-02-25,2019-06-09,3.0,15,立即参加,762,16,陈峻东南大学博士，教授，博士生导师，交通学院副院长，交通工程系主任。
421,数字电子技术基础,工学,哈尔滨工业大学,6,2019-03-01,2019-06-30,5.0,18,立即参加,7108,35,齐明副教授陶隽源讲师朱敏副教授
422,英语教学与互联网,教育教学,爱课程,9,2019-01-20,2019-03-31,4.0,11,立即参加,5455,671,焦建利教授、博士生导师刘晓斌副教授、硕士生导师陈泽璇讲师徐曼菲副教授、硕士生导师李智高讲师毛方吉中教一级窦菊花副教授包晓明中教高级何其钢中教高级张彦琳讲师王力维讲师
423,电路,工学,西安交通大学,10,2019-02-25,2019-07-12,4.0,20,立即参加,7893,144,罗先觉教授  博士生导师邹建龙副教授
424,质性研究方法,教育教学,北京大学,2,2018-12-01,2019-03-01,2.0,13,老师已关闭该学期，无法查看,6387,272,林小英副教授
425,模拟电子线路A,工学,南京邮电大学,6,2019-03-04,2019-06-16,4.0,15,立即参加,1614,25,黄丽亚教授杨恒新副教授袁丰讲师周洪敏讲师朱莉娟讲师何艳讲师
426,电工学,工学,同济大学,7,2018-10-09,2019-01-15,4.0,15,已结束，查看内容,12384,30,顾榕同济大学电子科学与技术系，副教授童美松同济大学电子科学与技术系特聘教授、系主任、博士生导师
427,大学生科技创新课程之起重机创意大赛,工学,西南交通大学,3,2018-12-17,2019-01-27,3.0,6,已结束，查看内容,1278,13,张祖涛教授/博士生导师程文明教授、博导罗大兵副教授郭立昌讲师张敏讲师
428,方言与中国文化,文学文化,武汉大学,10,2019-02-22,2019-06-30,2.5,19,立即参加,6546,163,阮桂君副教授
429,物理与艺术,理学,南京航空航天大学,7,2019-03-26,2019-06-16,1.5,12,立即参加,1057,78,施大宁教授刘曙娥副教授
430,市场营销学,管理学,福州大学,6,2019-03-06,2019-06-24,2.5,16,立即参加,4716,119,陈章旺福州大学经济与管理学院教授
431,大学计算机基础,计算机,同济大学,10,2019-02-26,2019-06-21,4.0,17,立即参加,10209,270,杨志强教授
432,云计算技术与应用,计算机,河海大学,4,2019-03-22,2019-06-23,4.0,14,立即参加,2679,112,孙宁讲师陈慧萍副教授金永霞实验师
433,学术交流英语,外语,东南大学,5,2019-02-25,2019-05-31,1.75,14,立即参加,5163,1319,陈美华陈美华，博士，院长、教授、博士生导师、江苏省教学名师。金曙副教授王学华副教授王捷讲师邵争讲师吴敏讲师
434,审计学基础,经济学,南京审计大学,4,2019-03-18,2019-06-23,3.5,14,立即参加,3493,70,王会金教授许莉教授和秀星和秀星陈丹萍教授齐兴利教授李兆东副教授王晓丹讲师孟金卓讲师
435,建筑设计空间基础认知,工学,哈尔滨工业大学,4,2019-03-15,2019-06-27,2.0,15,立即参加,2142,56,孙澄教授，博士生导师，建筑学院党委书记兼副院长。邵郁教授郭海博副教授薛名辉副教授董宇副教授于戈副教授周立军教授连菲讲师，硕士生导师刘滢副教授陈旸副教授韩昀松讲师
436,概率论与数理统计,理学,浙江大学,9,2019-02-25,2019-06-23,4.0,17,立即参加,21536,222,张帼奋副教授张奕教授黄炜副教授吴国桢高级工程师赵敏智副教授
437,中国十大传统名曲赏析,艺术设计,电子科技大学,5,2019-03-20,2019-06-30,1.5,15,立即参加,2360,88,唐珞副教授
438,大学计算机基础,计算机,国防科技大学,10,2019-04-30,2019-07-31,4.0,14,立即参加,1927,145,周海芳教授刘越老师吴荻讲师
439,材料工程基础,工学,武汉理工大学,5,2019-02-20,2019-06-28,4.0,19,立即参加,812,4,谢峻林教授文进副教授赵青林教授朱明副教授何永佳教授
440,植物学,理学,西北大学,5,2019-02-25,2019-05-31,2.5,14,立即参加,2686,120,刘文哲教授蔡霞教师王丹阳副教授 李忠虎教授、博导赵鹏副教授
441,VisualBasic.NET程序设计进阶,计算机,同济大学,7,2019-04-01,2019-07-10,4.0,15,立即参加,324,16,龚沛曾电子与信息工程学院 教授
442,电路,工学,南京理工大学,5,2019-03-21,2019-06-30,6.5,15,立即参加,8176,58,黄锦安教授李竹讲师徐行健讲师蔡小玲讲师朱献民讲师孙建红副教授沙涛副教授康明才副教授陈胜垚副教授
443,生物材料伴我行,工学,湖南大学,4,2019-03-01,2019-06-20,4.0,16,立即参加,536,73,谭志凯副教授朱咏华教授
444,航天、人文与艺术,工学,南京航空航天大学,6,2019-03-25,2019-05-27,4.0,10,立即参加,1863,106,闻新教授
445,软件工程,计算机,东北大学,5,2019-02-20,2019-06-30,4.0,19,立即参加,3918,74,张爽东北大学软件学院 副教授 博士胡清河副教授王蓓蕾讲师张伟副教授王学毅讲师
446,财务报表编制,管理学,福州大学,6,2019-03-04,2019-05-20,4.0,12,立即参加,7679,56,陈朝晖副教授林小娟讲师颜艳讲师
447,组织学与胚胎学,医药卫生,中国医科大学,4,2019-03-18,2019-06-30,4.0,15,立即参加,5175,27,石玉秀教授翟效月教授郑玮教授韩芳副教授温昱副教授刘宁宇副教授杨蓓讲师刘虹讲师林庚讲师陈雪讲师丁金兰讲师肖冰讲师
448,逻辑学导论,哲学,西北大学,4,2019-03-06,2019-07-01,2.5,17,立即参加,7925,271,李静副教授孟蕾讲师
449,形势与政策,法学,北京科技大学,6,2019-03-11,2019-05-27,2.5,12,立即参加,9427,6337,彭庆红教授左鹏教授宋伟副教授刘明言讲师许慎讲师
450,食物营养与食品安全,医药卫生,中南大学,7,2019-03-04,2019-06-10,4.0,15,立即参加,6766,158,"胡敏予湘雅公共卫生学院营养与食品卫生学系系主任,教授,医学博士朱明元中南大学湘雅公共卫生学院营养与食品卫生学系教授任国峰湘雅公卫学院副院长,营养与食品卫生学博士,湖南省营养学会秘书长，湖南省卫计委食品安全首席专家"
451,形势与政策,法学,华东理工大学,3,2018-04-27,2018-07-06,3.0,11,已结束，查看内容,18097,547,胡宝国副教授卢杨讲师张驰讲师杜仕菊教授朱姝副教授
452,市场营销,管理学,四川大学,4,2019-03-04,2019-06-11,3.0,15,立即参加,4073,59,左仁淑教授
453,概率论与数理统计,理学,电子科技大学,5,2019-03-04,2019-07-04,2.5,18,立即参加,8560,79,高晴教授陈绍刚教授吕恕教授覃思义副教授龚丽莎副教授武德安副教授韦鵾讲师王志勇副教授杨宇明讲师彭小帆讲师文春副教授陈碟讲师杜鸿飞讲师秦旭副教授
454,大学语文,文学文化,东南大学,9,2019-02-26,2019-06-18,3.0,17,立即参加,5686,74,张天来副教授
455,寄生虫病与食品安全,医药卫生,华中科技大学,4,2019-02-17,2019-07-17,3.0,22,立即参加,1918,120,刘文琪教授雷家慧副教授陆盛军副教授王婷讲师关飞讲师
456,创新与创业管理,管理学,南京邮电大学,4,2019-03-04,2019-05-31,4.0,13,立即参加,3542,335,赵波教授焦永纪副教授江游讲师张爽副教授
457,线性代数与空间解析几何,理学,哈尔滨工业大学,4,2019-03-04,2019-06-10,4.0,15,立即参加,2331,55,郑宝东教授郭潇副教授徐阳教授
458,传感与检测技术,工学,武汉理工大学,6,2019-02-18,2019-05-31,5.0,15,立即参加,2280,42,刘红丽副教授，武汉理工大学校级精品名师，自动化学院自动化系检测学科带头人。
459,工业生态学,工学,东北大学,2,2018-04-09,2018-05-30,5.0,8,已结束，查看内容,2117,70,杜涛东北大学 教授王鹤鸣东北大学 副教授岳强副教授高成康副教授张琦副教授王连勇讲师刘丽影副教授孙文强讲师
460,理论力学,工学,东北大学,8,2019-03-25,2019-07-08,3.5,16,立即参加,782,13,李永强教授张英杰副教授李红影讲师李健教授王延庆副教授李英梅副教授刘军副教授战宇讲师
461,金属材料学,工学,西北工业大学,5,2019-02-26,2019-05-31,4.0,14,立即参加,929,9,张静副教授 硕导王永欣教授 博导卢艳丽教授、博士生导师
462,材料科学基础,工学,大连理工大学,5,2019-02-23,2019-06-23,3.0,18,立即参加,3114,59,赵杰教授，博士生导师叶飞教授，博士生导师王清教授，博士生导师李佳艳副教授，博士生导师
463,数学文化十讲,理学,南开大学,8,2019-02-19,2019-05-26,2.5,14,立即参加,2501,338,顾沛教授李军副教授向兵副教授
464,数字图像处理,计算机,武汉大学,4,2019-03-04,2019-07-08,4.0,19,立即参加,4540,115,贾永红武汉大学教授，博士生导师，武汉大学教学名师，珞珈特聘教授
465,工科数学分析（二）,理学,北京航空航天大学,3,2019-03-01,2019-07-30,5.0,22,立即参加,3439,6,杨小远教授
466,民族声乐进阶密码——石春轩子教学示范课堂,艺术设计,华东师范大学,7,2019-03-01,2019-04-19,2.0,8,立即参加,1277,75,石春轩子音乐学系副教授
467,水声学,工学,哈尔滨工程大学,5,2019-03-04,2019-06-09,4.0,14,立即参加,549,43,黄益旺教授、博士生导师
468,微机原理与接口技术,计算机,西安交通大学,6,2019-02-25,2019-06-10,2.5,16,立即参加,7121,158,吴宁教授
469,IT行业职场英语,外语,大连理工大学,5,2019-03-15,2019-06-24,4.0,15,立即参加,3746,16,王宇副教授 王雷教授杜宛宜讲师周纯岳讲师刘辉讲师MushTeacher
470,互换性与测量技术基础,工学,哈尔滨工业大学,6,2019-02-18,2019-05-27,4.0,15,立即参加,3180,38,马惠萍课程负责人，博士，副教授，硕士导师。刘永猛研究员
471,电工学,工学,哈尔滨工业大学,5,2019-03-11,2019-06-10,4.0,14,立即参加,4238,37,张继红副教授吴建强教授刘晓芳副教授郑雪梅副教授刘桂花副教授杨威副教授吴辉副教授
472,材料力学,工学,哈尔滨工业大学,6,2019-02-23,2019-07-06,3.5,20,立即参加,2941,42,甄玉宝教授
473,中学教育见习与实习,教育教学,河北师范大学,4,2019-03-04,2019-05-27,4.5,13,立即参加,1805,479,戴建兵教授裴红彬副教授刘毅玮教授田菁教授夏晓烨教授张庆秀教授王宏方教授邢新宝教研员李秋石副教授白然副教授王建民讲师齐雅蕊讲师王换超讲师
474,工业药剂学,医药卫生,中国药科大学,3,2018-10-08,2019-01-20,4.0,15,已结束，查看内容,4204,16,周建平教授吴琼珠副教授吴正红教授
475,软件工程专业导论,计算机,哈尔滨工业大学,7,2019-02-25,2019-06-30,4.0,18,立即参加,3144,94,徐晓飞教授，博士生导师战德臣教授 博士生导师涂志莹讲师聂兰顺副教授徐汉川讲师
476,经济学原理,经济学,华中农业大学,6,2019-03-20,2019-06-07,2.0,12,立即参加,4409,74,黄宁阳经济管理学院，博士，副教授，硕士导师
477,科举与中国文化,历史,湖南大学,4,2018-03-26,2018-06-30,3.0,14,已结束，查看内容,7319,52,李兵教授
478,海商法,工学,大连海事大学,5,2019-02-25,2019-07-07,4.0,19,立即参加,1297,26,郭萍教授
479,微积分（三）,理学,电子科技大学,3,2019-02-25,2019-05-19,4.0,12,立即参加,5855,23,高建教授冷劲松教授汪小平讲师高中喜副教授程光辉教授何国良副教授米文副教授余时伟讲师夏红副教授窦芳芳副教授王晓梅副教授刘碧森无
480,服装流行分析与预测,艺术设计,浙江理工大学,3,2019-03-19,2019-06-18,3.0,14,立即参加,3520,86,刘丽娴副教授
481,新科学家英语：演讲与写作,外语,哈尔滨工业大学,6,2019-02-26,2019-06-16,2.5,16,立即参加,4349,60,李雪教授王景惠教授张世超副教授常梅副教授宋飞焱副教授
482,大学英语学术阅读,外语,南京大学,4,2019-03-11,2019-06-09,3.5,13,立即参加,5342,50,王海啸教授于江副教授夏珺副教授李长生副教授
483,人因工程学,管理学,东北大学,4,2019-03-18,2019-07-25,3.0,19,立即参加,852,17,郭伏教授、系主任金海哲讲师
484,电工技术与电子技术（一）（电工学  上）,工学,中国矿业大学,4,2019-02-18,2019-06-30,4.0,19,立即参加,7000,57,王香婷教授徐瑞东教授刘玉英副教授戴新联副教授张晓春讲师周一恒讲师王晔枫讲师王攀攀讲师
485,佛教文化,哲学,武汉大学,7,2019-02-26,2019-06-30,2.5,18,立即参加,6833,936,高文强教授/博士生导师
486,土木工程概论,工学,上海大学,3,2018-09-12,2019-01-18,2.0,19,已结束，查看内容,6492,119,叶志明教授汪德江讲师朱杰江教授杜晓庆副教授姚文娟教授彭妙娟教授刘绍峰讲师陈玲俐副教授
487,艺术导论,艺术设计,西安交通大学,6,2019-02-25,2019-06-22,4.0,17,立即参加,2517,18,黎荔副教授
488,投资学,经济学,中央财经大学 ,4,2019-03-04,2019-07-15,4.0,20,立即参加,17129,161,刘志东博士 教授 博士生导师宋斌教授  博士   硕士生导师陈暮紫博士 副教授 硕士生导师欧变玲博士 副教授 硕士生导师曲红燕博士 副教授荆中博博士 副教授
489,电子商务,管理学,重庆大学,7,2019-03-04,2019-06-08,4.0,14,立即参加,4917,368,邵兵家教授  博士生导师夏镇鸿校外教师
490,中华名相之管仲管理思想,文学文化,西南交通大学,6,2019-03-18,2019-07-08,2.0,17,立即参加,1481,321,李任飞副教授向仲敏副研究员崔罡讲师
491,电路（上）,工学,哈尔滨工业大学,6,2019-02-25,2019-07-26,4.0,22,立即参加,6660,51,齐超教授刘洪臣副教授-博导杨旭强副教授霍炬教授孙立山教授由佳欣副教授金钊讲师周学副教授
492,建筑评论,工学,同济大学,4,2019-09-17,2019-12-24,2.5,15,立即参加,1465,50,郑时龄中国科学院院士，同济大学建筑与城市规划学院教授王凯建筑与城市规划学院 副教授刘刊助理教授
493,分析化学（一）：化学分析,理学,湖南大学,6,2019-02-26,2019-07-02,4.0,19,立即参加,4407,33,王玉枝教授宦双燕教授
494,经济生活与数学,经济学,湖南大学,6,2019-03-11,2019-05-29,4.0,12,立即参加,1850,47,杨湘豫教授，理学硕士，硕士生导师，英国布鲁内尔大学访问学者。
495,机械原理,工学,北京航空航天大学,9,2019-02-25,2019-06-30,4.0,18,立即参加,1724,17,郭卫东教授
496,环境问题观察,工学,华东师范大学,6,2019-03-01,2019-06-21,4.0,17,立即参加,1019,43,张勇副教授、环境学系主任陆文洋助理研究员周天舒教授张秋卓副教授柳林高级工程师崔玉雪工程师李媛媛副教授杨凯kaiyangecnu
497,社区管理学,管理学,东北大学,5,2019-04-15,2019-07-08,2.5,13,立即参加,360,9,孙萍东北大学教授，博士生导师，文法学院院长。赵晶讲师张平教授
498,外国文学经典选读与现实观照,外语,电子科技大学,6,2019-02-24,2019-06-30,3.0,19,立即参加,17765,146,邹涛教授
499,唐诗经典,文学文化,浙江大学,8,2019-03-05,2019-06-30,4.0,17,立即参加,30033,259,胡可先教授陶然教授咸晓婷副教授
500,自动控制原理,工学,西安交通大学,4,2019-02-25,2019-06-28,1.5,18,立即参加,1882,35,张爱民教授王勇讲师任志刚副教授任晓栋讲师杜行俭副教授张雪涛讲师姚向华教师
501,微积分（三）,理学,哈尔滨工业大学,7,2019-02-25,2019-06-28,4.0,18,立即参加,2392,99,尹逊波教授黄艳讲师杨占文讲师雷强副教授任雪昆副教授张超副教授董久刚副教授张雅卓副教授靳水林副教授
502,人工智能原理,计算机,北京大学,4,2019-03-11,2019-06-30,4.0,16,立即参加,11819,174,王文敏教授
503,外国民商案例选读,法学,东北大学,6,2019-03-11,2019-05-27,4.0,12,立即参加,1034,17,隋军副教授法学系副主任
504,大学计算机—计算思维导论,计算机,哈尔滨工业大学,11,2019-02-25,2019-07-30,4.0,23,立即参加,5833,675,战德臣教授 博士生导师张丽杰教授聂兰顺副教授宋巧红副研究员
505,高速铁路动车组技术,工学,西南交通大学,3,2018-12-02,2019-05-15,2.5,24,立即参加,4901,26,李芾教授
506,组织行为学,管理学,中南财经政法大学,6,2019-03-04,2019-06-07,3.0,14,立即参加,3885,353,王淑红副教授
507,C程序设计基础,计算机,厦门大学,6,2019-03-20,2019-06-20,3.5,14,立即参加,7527,198,黄洪艺副教授李慧琪讲师张丽丽讲师庄朝晖讲师曾华琳讲师
508,化工原理（上册）,工学,大连理工大学,4,2019-03-04,2019-06-22,4.0,16,立即参加,1847,19,都健教授王瑶教授吴雪梅教授
509,现代工程制图（下）,工学,大连理工大学,5,2019-02-25,2019-06-23,4.0,17,立即参加,3008,82,王丹虹教授、教育部工程图学课程教学指导分委员会委员高菲副教授冯冬菊副教授王雪飞讲师陈霞讲师郭莉讲师李震讲师戴恒震	副教授舒宏副教授王殿龙教授柴晓艳高级工程师陈明副教授
510,科学计算与数学建模,理学,中南大学,5,2019-02-26,2019-06-14,4.0,16,立即参加,2896,87,郑洲顺教授刘新儒副教授张鸿雁教授潘克家副教授李志保讲师万中教授秦宣云教授任叶庆副教授胡志副教授
511,工科数学分析（一）,理学,北京航空航天大学,3,2018-09-01,2019-01-31,5.0,22,已结束，查看内容,12837,12,杨小远教授
512,金融学基础,经济学,电子科技大学,7,2019-02-25,2019-07-10,5.0,20,立即参加,6275,78,李强副教授刘波教授李平教授吴伟劭副教授
513,职业与创业胜任力,管理学,南京大学,5,2019-03-06,2019-06-05,4.0,14,立即参加,862,34,费俊峰南京大学心理健康教育与研究中心主任、副教授
514,网络技术与应用,计算机,中国人民解放军陆军工程大学,8,2019-02-20,2019-05-20,3.0,13,立即参加,6438,101,沈鑫剡教授俞海英教授李兴德副教授许继恒副教授钱万正讲师徐海斌讲师魏涛讲师宋以胜副教授
515,电子线路设计、测试与实验（二）,工学,华中科技大学,5,2019-02-11,2019-06-15,3.0,18,立即参加,2156,110,汪小燕教授左冬红副教授王振工程师曾喻江高级工程师闵玉堂讲师杨彩虹讲师潘晓明工程师夏银桥工程师陈林高级工程师邓天平副教授罗杰副教授秦臻副教授龚军高级张林教授吴建新高级工程师周波副教授张华讲师徐争光讲师刘澍讲师
516,大学生职业发展与就业指导,教育教学,福州大学,6,2019-03-07,2019-06-07,4.0,14,立即参加,3130,373,阮娟副教授白丽英教授王怡讲师汪静筠讲师徐红梅讲师朱玉华副教授王枫副教授
517,化工原理（上）,工学,北京化工大学,5,2019-02-23,2019-07-06,4.0,20,立即参加,2977,64,丁忠伟教授刘丽英副教授
518,无人机设计导论,工学,南京航空航天大学,3,2018-10-28,2019-01-11,4.0,11,已结束，查看内容,6640,77,昂海松教授/博导郑祥明副教授
519,文献管理与信息分析,管理学, 中国科学技术大学,10,2019-03-13,2019-07-10,3.0,18,立即参加,7477,972,罗昭锋中科大生命科学实验中心高级实验师、图书馆高级顾问、中国生命科学大型仪器共享平台联席会发起人兼秘书长
520,有机化学,理学,华中科技大学,5,2019-03-01,2019-07-08,4.0,19,立即参加,4576,20,龚跃法教授罗钒讲师唐翔鹰教授钟芳锐教授鲁登福副教授吴雪松教授
521,水利工程施工,工学,大连理工大学,4,2019-03-04,2019-06-24,4.0,17,立即参加,901,10,杜志达教授马震岳教授王刚副教授陈婧副教授许青副教授
522,理论力学,工学,国防科技大学,4,2019-02-25,2019-06-10,3.5,16,立即参加,2272,11,李海阳教授王华副研究员梁彦刚副教授
523,计算概论与程序设计基础,计算机,北京大学,2,2018-12-01,2019-03-30,4.0,18,立即参加,10421,62,李戈副教授
524,大学英语自学课程（上）,外语,北京科技大学,3,2019-03-12,2019-05-12,4.0,9,立即参加,29041,142,张敬源教授王娜副教授陈娟文副教授李金玉讲师何君萍高级讲师张丹丹讲师刘荣君副教授梁雅梦副教授沈艳娟讲师杜娟讲师王深工程师
525,数学建模,理学,厦门大学,6,2019-02-25,2019-06-15,4.0,16,立即参加,9556,44,谭忠教授、博士生导师
526,自动控制原理,工学,华中科技大学,7,2019-02-18,2019-05-27,4.0,15,立即参加,11106,105,王永骥教授王燕舞教授樊慧津教授秦肖臻副教授李炜自动化学院 教授王敏教授刘磊副教授张海涛教授张征副教授黄剑教授苏厚胜教授秦元庆讲师
527,当代青年心理学（一）认识青年篇,心理学,西南交通大学,8,2018-10-10,2018-11-16,3.0,6,已结束，查看内容,15015,65,宁维卫教授冉俐雯讲师董洁讲师张学伟讲师高燕讲师李启明讲师蒋洪波讲师唐静讲师徐建工程师刘娣讲师吴顺领讲师沈宏颖助教
528,数学分析（一）,理学,华东师范大学,4,2018-09-17,2018-12-24,5.5,15,已结束，查看内容,39033,52,柴俊教授庞学诚教授吴畏教授戴浩晖讲师王丽萍副教授
529,高等数学—微积分(2),理学,山东大学,5,2019-02-26,2019-06-24,4.0,17,立即参加,7748,56,"蒋晓芸教授,博导张天德教授  著名考研辅导专家王洪英副教授王玮副教授孙同军教授黄宗媛副教授包芳勋教授金辉讲师刘蕴贤教授朱冬梅副教授高夫征副教授陈建良副教授苏海军副教授崔明荣教授杜世田副教授"
530,电子技术（电工学 下）,工学,大连理工大学,5,2019-02-25,2019-05-27,4.0,14,立即参加,2515,94,陈希有教授王宁副教授章艳副教授
531,信号与系统,工学,北京交通大学,8,2019-02-19,2019-06-17,4.0,17,立即参加,14244,64,陈后金教授，博士生导师。胡健副教授黄琳琳教授薛健副教授陶丹教授彭亚辉副教授李居朋副教授钱满义讲师郝晓莉副教授魏杰副教授周航副教授申艳副教授侯亚丽副教授李艳凤副教授
532,中级财务会计（二）,管理学,哈尔滨工业大学,5,2019-03-01,2019-06-30,5.0,18,立即参加,5200,25,高艳茹副教授、硕士研究生导师
533,数字电路与系统,工学,东南大学,5,2019-02-18,2019-06-20,4.0,18,立即参加,2341,14,李文渊教授/博导安良副教授/硕导王蓉副教授高翔副教授黎飞中级李芹副教授周智君讲师
534,分析化学,理学,东北大学,6,2019-03-10,2019-07-06,4.0,17,立即参加,2620,32,陈明丽博士，东北大学教授，博士生导师。于永丽副教授于永亮博士，东北大学教授，博士生导师徐烨副教授赵爽副教授杨春光副教授刘梅英讲师
535,大学物理典型问题解析—电磁学,理学,北京理工大学,6,2019-03-12,2019-06-10,4.0,13,立即参加,1767,9,胡海云教授吴晓丽副教授缪劲松副教授
536,航空发动机燃烧学,工学,西北工业大学,5,2019-03-01,2019-05-19,4.0,12,立即参加,1518,37,范玮教授张群副教授黄希桥副教授
537,有机化学（2）,理学,西安交通大学,6,2019-02-18,2019-06-25,4.0,19,立即参加,3776,9,唐玉海教授靳菊情教授徐四龙副教授王丽娟讲师张祯讲师许昭讲师
538,风景园林景观规划原理,工学,同济大学,6,2019-03-12,2019-06-18,1.5,15,立即参加,2488,13,刘滨谊教授
539,有机化学（1）,理学,西安交通大学,6,2018-09-17,2019-01-07,4.0,17,已结束，查看内容,16146,13,唐玉海教授靳菊情教授徐四龙副教授王丽娟讲师张祯讲师许昭讲师
540,电子技术实验基础（一：电路分析),工学,电子科技大学,4,2019-03-04,2019-06-16,2.0,15,立即参加,4430,99,李朝海教授级高级工程师崔红玲副教授付炜副教授陈先荣高级工程师陈骏莲高级工程师王玉兰工程师谢建志讲师
541,通信原理,工学,电子科技大学,6,2019-02-25,2019-07-08,4.0,20,立即参加,2583,53,李晓峰教授傅志中副教授曹永盛副教授周宁副教授任通菊讲师邵怀宗副教授江宁副教授李兴明教授朱晓东副教授张静副教授邵士海教授李强教授
542,高速铁路牵引供电系统,工学,西南交通大学,4,2019-03-11,2019-06-18,4.0,15,立即参加,1199,30,陈维荣教授 博士生导师赵丽平副教授胡海涛副教授权伟副教授，博士(后)黎松奇讲师罗成实验师
543,大学计算机基础,计算机,中国农业大学,5,2018-09-04,2018-12-31,5.0,17,已结束，查看内容,23018,93,"陈雷副教授张莉中国农业大学,信息与电气工程学院-计算机系,教授李振波副教授王庆副教授"
544,丝绸文化与产品,工学,苏州大学,6,2019-03-04,2019-06-04,4.0,14,立即参加,838,21,潘志娟教授冯岑副教授李春萍高级实验师关晋平副教授潘姝雯讲师
545,单片机原理与汽车微机应用技术,工学,长安大学,5,2019-03-15,2019-06-28,3.0,16,立即参加,1416,23,仝秋红教授
546,农业植物病理学,农林园艺,福建农林大学,4,2019-03-01,2019-07-11,3.0,19,立即参加,1263,46,刘国坤教授吴祖建研究员许文耀教授蔡学清教授鲁国东教授詹家绥教授林品榕副研究员肖顺副教授范晓静讲师洪鹏翔讲师
547,作物育种学,农林园艺,南京农林大学,3,2018-10-04,2019-01-12,4.0,15,已结束，查看内容,2215,6,洪德林教授/博士生导师
548,有机化学,理学,华中农业大学,6,2019-02-18,2019-06-29,4.0,19,立即参加,9052,78,江洪教授曹敏惠华中农业大学副教授石炜副教授
549,程序设计与算法（三）C++面向对象程序设计,计算机,北京大学,4,2019-02-18,2019-05-30,4.0,15,立即参加,10619,386,郭炜讲师
550,“互联网+”管理学,管理学,渤海大学,5,2018-09-09,2018-12-22,4.0,15,已结束，查看内容,7837,66,单凤儒渤海大学 终身教授闫涛教授张艳玲副教授
551,遗传与分子生物学实验,理学,厦门大学,6,2019-02-25,2019-06-22,3.0,17,立即参加,1890,22,章军副教授王亚梅副教授杨玉荣副教授顾颖副教授程通副教授黄秋英助理教授
552,信息素养：效率提升与终身学习的新引擎,管理学,四川师范大学,4,2019-02-24,2019-06-30,1.0,19,立即参加,9683,727,周建芳博士沙玉萍副研究馆员王一助理馆员
553,摄影基础,艺术设计,电子科技大学,5,2019-03-12,2019-06-18,0.75,15,立即参加,16887,1526,张秋雯讲师郝云超副教授
554,智慧课堂教学,教育教学,爱课程,5,2019-03-11,2019-05-31,4.0,12,立即参加,3343,221,谢幼如教授
555,工程项目管理,管理学,同济大学,5,2018-09-25,2019-02-02,4.0,19,已结束，查看内容,57103,143,丁士昭教授陆佑楣中国工程院院士殷瑞钰中国工程院院士陈建国教授何清华教授贾广社教授施骞教授乐云教授曹吉鸣教授孙继德副研究员高欣教授李永奎教授王广斌教授Calvin KAM美国斯坦福大学咨询教授Cyndi Snyder Dionisio美国第六版PMBOK指南核心编委会主席Edwin J. Andrews美国宾夕法尼亚大学博士Monique Aubry魁北克大学蒙特利尔分校教授刘武君上海工程技术大学副校长吴之昕基业长青国际工程与投资研究院院长吴慧娟中国建筑业协会副会长戴久坤肯塔基大学博士李恒香港理工大学建筑与房地产系教授陈兴汉南京栖霞建设（集团）公司董事长
556,教师如何做研究,教育教学,北京大学,16,2019-04-01,2019-05-14,5.5,7,立即参加,3597,4406,汪琼教授   博士生导师范逸洲无刘玲工程师汪滢讲师王宇WANGYU-PKU
557,中医护理学,医药卫生,南京中医药大学,4,2019-02-22,2019-06-30,4.0,19,立即参加,3983,58,徐桂华教授严姝霞讲师叶然副教授徒文静讲师王秋琴讲师姜荣荣讲师鹿竞文讲师卞尧尧副教授顾平教授/主任护师龚秀琴副教授/主任护师
558,通用英语（一）,外语,东北大学,5,2019-04-08,2020-07-15,5.0,67,立即参加,820,46,赵雯教授王勃然教授卢卉艳副教授
559,大学生科技创新课程之“挑战杯”课外学术科技作品竞赛,工学,西南交通大学,3,2018-11-26,2019-01-21,3.0,9,已结束，查看内容,2402,29,张祖涛教授/博士生导师罗大兵副教授潘亚嘉副教授李毅西南交通大学机械学院副书记，学生工作组组长王蔚讲师杨怀银助教
560,认识飞行,工学,上海工程技术大学,5,2019-02-18,2019-06-07,2.5,16,立即参加,1626,40,匡江红副教授吕鸿雁讲师党淑雯副教授顾莹讲师杜丽娟老师讲师
561,流行病学基础（一）,医药卫生,北京大学,9,2019-02-23,2019-06-02,1.5,15,立即参加,2676,52,吴涛副教授
562,新媒体素养,文学文化,中山大学,10,2019-03-12,2019-05-25,1.5,11,立即参加,3457,92,张志安传播与设计学院院长，教授、博士生导师
563,交互式电子白板教学应用,教育教学,爱课程,10,2019-03-11,2019-05-16,4.5,10,立即参加,4140,6577,张筱兰教授西北师范大学
564,编译原理,计算机,哈尔滨工业大学,4,2019-02-18,2019-07-31,4.0,24,立即参加,8538,205,陈鄞副教授郭勇讲师涂志莹讲师
565,数据库系统概论（基础篇）,计算机,中国人民大学,6,2019-02-19,2019-07-15,4.0,21,立即参加,13865,327,王珊教授杜小勇教授陈红教授卢卫副教授焦敏高级工程师张晓莹工程师
566,中药安全用药导论,医药卫生,北京中医药大学,8,2019-02-25,2019-05-19,3.5,12,立即参加,2828,83,张冰教授/主任医师林志健副教授吴嘉瑞教授张晓朦讲师
567,程序设计基础,计算机,哈尔滨工业大学,8,2018-09-17,2019-01-19,2.0,18,已结束，查看内容,18022,67,苏小红博士，教授，博士生导师赵玲玲讲师叶麟讲师张彦航副教授。
568,初级汉语语法,文学文化,北京语言大学,3,2019-03-19,2019-06-06,2.5,12,立即参加,2099,24,王瑞烽副教授杨楠讲师l雷朔讲师沈红丹讲师张军副教授王瑞讲师
569,古文字学,文学文化,武汉大学,10,2019-03-18,2019-06-30,3.0,15,立即参加,5285,134,肖圣中副教授
570,大学信息技术基础,计算机,福建农林大学,4,2019-03-11,2019-06-30,2.5,16,立即参加,4568,288,陈琼副教授崔建峰副教授李丽珊讲师刘秀玲讲师陈细妹讲师廖世涛讲师敖永霞讲师鄂大伟教授
571,高级语言程序设计,计算机,东北大学,3,2019-03-04,2019-07-04,5.0,18,立即参加,3232,26,高克宁教授赵长宽讲师李封讲师
572,设计的力量,艺术设计,湖南大学,5,2019-03-11,2019-06-15,1.0,14,立即参加,3129,91,何人可湖南大学设计艺术学院院长、教授、博士生导师。
573,无机及分析化学（下）,理学,华中农业大学,7,2019-04-15,2019-07-05,5.0,12,立即参加,1500,66,王运教授胡先文副教授李慧慧讲师康勤书副教授刘永红副教授陆冬莲讲师
574,土壤、地质与生态学综合实习,农林园艺,南京农林大学,5,2019-03-18,2019-06-30,3.0,15,立即参加,726,20,张旭辉副教授刘满强教授李真副教授李学林实验师王洪梅研究实习员
575,行政管理学,管理学,西北大学,5,2019-03-11,2019-06-30,4.0,16,立即参加,2024,22,梁忠民梁忠民，西北大学教授，博士生导师；国务院政府特殊津贴专家。
576,消防燃烧学,工学,中国人民警察大学,3,2018-09-25,2019-01-16,4.0,17,已结束，查看内容,2935,37,徐晓楠教授郭子东副教授郑兰芳副教授王平副教授陈伟红教授闫琪讲师
577,大学物理（振动波、光学、热学、近代物理）,理学,东北大学,4,2018-09-03,2018-12-24,3.0,17,老师已关闭该学期，无法查看,6490,131,陈肖慧教授赵国俭副教授杨玉玲教授张莲莲讲师张莉讲师易光宇副教授吴海娜副教授王强副教授杜安教授
578,电工学,工学,东北大学,4,2019-03-18,2019-07-05,4.0,16,立即参加,3776,48,肖军教授刘晓志副教授吴春俐副教授李丹讲师孙静讲师李世平副教授孟令军无杨楠实验师
579,创业3+3,管理学,哈尔滨工业大学,4,2019-03-04,2019-06-30,3.0,17,立即参加,1301,85,尹胜君讲师
580,外国文学史（二）,文学文化,浙江工商大学,4,2018-08-15,2018-12-05,3.0,17,已结束，查看内容,18261,90,"蒋承勇教授、博导；国家教学名师，中国外国文学教学研究会会长，教育部“面向21世纪课程教材”《外国文学史》主编之一。李艳梅博士,副教授."
581,大学英文写作（一）,外语,国防科技大学,5,2018-09-28,2019-01-03,4.0,14,已结束，查看内容,19094,95,李慧辉外籍专家刘晶教授唐安华副教授张丽娟副教授龚双萍副教授孟东红副教授胡卫星副教授
582,卫生技术评估,医药卫生,复旦大学,5,2019-02-25,2019-05-12,4.0,11,立即参加,578,14,陈英耀教授黄葭燕教授薛迪教授陈文教授周萍副教授应峻副研究馆员涂诗意讲师丁永明中级职称
583,VisualBasic6.0程序设计,计算机,同济大学,7,2019-02-18,2019-06-21,4.0,18,立即参加,4734,114,龚沛曾电子与信息工程学院 教授杨志强教授朱君波讲师施珺教授徐有芳副教授李玉龙教授王俊丽副研究员
584,印象英美——穿越时空之旅,外语,杭州师范大学,4,2019-03-11,2019-06-30,4.0,16,立即参加,6255,105,骆蓉副教授、博士
585,物理化学（二）,理学,大连理工大学,6,2019-02-25,2019-05-27,4.0,14,立即参加,1969,15,王旭珍教授，宝钢优秀教师王新葵副教授王新平教授，辽宁省教学名师石川教授纪敏教授宋雪旦讲师
586,模拟电子技术,工学,北京交通大学,5,2019-02-18,2019-07-27,4.0,23,立即参加,14105,62,刘颖教​授、博导路勇副教授、硕士生导师侯建军教授、博士、博导黄亮副教授、博士任希副教授李赵红副教授霍炎教授白双副教授邓涛副教授
587,大学英文写作（二）,外语,国防科技大学,4,2018-05-18,2018-11-07,4.0,25,已结束，查看内容,21102,11,李慧辉外籍专家刘晶教授唐安华副教授张丽娟副教授龚双萍副教授孟东红副教授
588,机械原理,工学,吉林大学,6,2019-03-04,2019-06-10,4.0,15,立即参加,1205,37,王聪慧副教授
589,高等数学（一）,理学,同济大学,4,2018-09-10,2018-11-16,4.0,10,已结束，查看内容,432358,314,周朝晖副教授李少华教授殷俊锋教授张华隆教    授朱晓平副教授濮燕敏副教授黄长水讲师张弢副教授兰辉副教授孙娟娟讲师李忠华副教授
590,行政职业能力提升,管理学,暨南大学,4,2019-03-18,2019-06-25,1.5,15,立即参加,3075,125,李伟权暨南大学公共管理学院、应急管理学院 副院长 、副教授、 博士
591,漫谈数学与军事,理学,国防科技大学,5,2019-03-04,2019-05-18,3.0,11,立即参加,1108,50,李建平教授刘雄伟副教授王晓教授吴强副教授罗永副教授王炯琦副教授王丹副教授谢正副教授
592,世界优秀影片赏析,艺术设计,中国海洋大学,10,2018-09-01,2018-11-15,4.0,11,已结束，查看内容,73901,565,柴焰教授
593,思维导图的教学应用,教育教学,爱课程,5,2019-03-11,2019-05-31,3.5,12,立即参加,11621,1232,杜玉霞教授、博士贺卫国教师、博士曹卫真教授李立君讲师、博士杨琳高级实验师、博士
594,电气控制实践训练,工学,厦门大学,6,2019-02-20,2019-06-26,4.0,19,立即参加,4000,89,李继芳高级工程师许英杰高级工程师林春高级工程师鲍平工程师黄文娟工程师霍晓玮工程师王晓红高级工程师张丹工程师沈绿楠工程师
595,女性学：女性精神在现代社会中的挑战,哲学,四川大学,10,2019-03-11,2019-06-30,1.75,16,立即参加,2396,86,吴敏教师陈梅芳副教授张珊珊实验师
596,材料科学基础（下）,工学,西北工业大学,9,2019-02-25,2019-05-19,4.0,12,立即参加,1647,7,王永欣教授 博导
597,生活中的货币时间价值,经济学,暨南大学,5,2019-03-01,2019-06-15,2.5,16,立即参加,4512,1567,程静副教授
598,品牌管理,管理学,福州大学,5,2019-03-15,2019-05-31,40.0,12,立即参加,3788,155,肖阳教授，MBA导师
599,大学英语综合课程（二）,外语,国防科技大学,5,2019-03-05,2019-06-06,4.0,14,立即参加,3740,36,林骊珠副教授粟进英教授贺海涛副教授曾祥娟副教授胡卫星副教授焦新平副教授饶岚副教授敖锋副教授陈菁人文与社会科学学院语言文化研究所讲师刘缔讲师李园芳讲师
600,微积分（二）,理学,哈尔滨工业大学,5,2018-09-03,2018-12-28,4.0,17,已结束，查看内容,10365,22,尹逊波教授
601,光电子学（二）,工学,西安交通大学,6,2019-03-18,2019-06-20,1.5,14,立即参加,448,4,朱京平教授，博导
602,C语言程序设计(上),计算机,北京理工大学,10,2019-02-18,2019-07-31,2.5,24,立即参加,23482,390,李凤霞教授陈宇峰副教授余月讲师李仲君助理研究员赵三元讲师
603,管理概论,管理学,浙江大学,7,2019-03-04,2019-06-30,3.0,17,立即参加,11277,284,邢以群教授
604,材料科学基础（上）,工学,西北工业大学,10,2019-02-25,2019-04-30,4.0,10,立即参加,3464,40,王永欣教授 博导
605,风险投资与创业融资,经济学,电子科技大学,4,2019-02-25,2019-06-30,3.0,18,立即参加,2984,23,尹宇明副教授夏晖副教授
606,概率论与数理统计,理学,同济大学,6,2019-03-05,2019-07-12,3.0,19,立即参加,5342,23,花虹教授李莉娜副教授王勇智讲师杨筱菡副教授
607,机械设计,工学,西南交通大学,10,2019-02-25,2019-06-15,4.0,16,立即参加,3387,218,吴鹿鸣教授罗大兵副教授张祖涛教授/博士生导师
608,C++程序设计,计算机,西北工业大学,7,2019-02-28,2019-06-25,5.0,17,立即参加,11648,152,魏英副教授
609,解剖与临床,医药卫生,武汉大学,8,2019-02-25,2019-06-27,4.0,18,立即参加,5151,75,田宗文副教授唐燕讲师宋健教授吴巍讲师孟杨副教授胡成俊副教授田毅浩讲师朱从丽讲师戴冀斌人体解剖学教授
610,职场英语,外语,西南交通大学,4,2019-02-25,2019-06-23,4.0,17,立即参加,11154,621,杨安文副教授/硕导尹思婧讲师刘波讲师陈丽颖讲师陈晓红讲师里娜讲师
611,数字电路01密码的奥秘,工学,武汉理工大学,5,2019-02-18,2019-06-21,4.0,18,立即参加,1994,34,吴友宇教授华剑讲师许菲副教授黄铮副教授葛华副教授孟哲副教授曾刚讲师魏洪涛副教授旷海兰副教授杨媛媛信息工程学院电信工程专业教师卢珏副教授周嵘金新娟讲师李新友讲师
612,高等数学习题课（一）,理学,哈尔滨工业大学,4,2018-09-03,2018-12-28,4.0,17,已结束，查看内容,14651,26,尹逊波教授
613,信号与系统,工学,东南大学,9,2019-02-25,2019-06-21,4.0,17,立即参加,3603,145,孟桥教授/博导王琼副教授樊祥宁博士、教授、博导俞菲博士，副教授冯熳副教授赵鑫泰副教授
614,心理学：我知无不言，它妙不可言,心理学,华中师范大学,4,2019-03-04,2019-05-31,1.5,13,立即参加,21727,1731,田媛副教授周宗奎教授孙晓军教授赵庆柏副教授范翠英教授
615,数学建模,理学,华中农业大学,6,2019-02-18,2019-05-24,2.0,14,立即参加,11380,343,方红讲师李治副教授任兴龙讲师徐艳玲副教授侯志敏讲师丁鹿伟副教授谭劲英副教授朱强副教授
616,思想道德修养与法律基础,法学,武汉大学,6,2019-02-25,2019-07-20,2.5,21,立即参加,3573,967,"佘双好教授，思想政治教育专业博士生导师。现任武汉大学马克思主义学院院长，武汉大学发展与教育心理所所长。金筱萍博士，教授陈训威实验中心主任，高工程凌博士, 副教授戴正清博士，副教授刘水静副教授，博士黄代翠博士、副教授倪素香教授，博导李玲博士，副教授陈武讲师史姗姗讲师"
617,高速铁路概论,工学,西南交通大学,3,2018-11-22,2019-02-28,1.5,15,已结束，查看内容,4567,29,彭其渊教授
618,概率论与数理统计,理学,重庆大学,6,2019-02-17,2019-05-26,4.0,15,立即参加,6994,125,荣腾中副教授刘琼荪教授黎雅莲副教授胥斌副教授李曼曼副教授
619,生物学概念与途径,理学,北京大学,2,2019-02-19,2019-05-21,3.0,14,立即参加,2987,178,饶毅教授
620,人人爱设计（下）,艺术设计,山东大学,4,2018-10-30,2019-01-19,2.0,12,已结束，查看内容,23374,67,王震亚王震亚，山东大学教授，硕士生导师，博士。
621,汽车行走的艺术,工学,吉林大学,10,2019-03-18,2019-06-23,2.5,14,立即参加,746,25,王建华教授谢飞副教授
622,微生物学与免疫学实验,理学,厦门大学,6,2019-02-18,2019-06-07,3.0,16,立即参加,2077,65,张连茹教授陈毅歆副教授陈航姿副教授金利华副教授许晔助理教授郭慧玲助理教授
623,大学生科技创新课程之中美青年创客大赛,工学,西南交通大学,3,2018-12-31,2019-03-18,1.0,12,已结束，查看内容,2617,61,罗大兵副教授张祖涛教授/博士生导师潘亚嘉副教授郭立昌讲师
624,莎士比亚戏剧赏析,文学文化,北京师范大学,3,2019-03-25,2019-07-16,4.0,17,立即参加,6722,133,刘洪涛教授
625,微波技术,工学,哈尔滨工程大学,3,2018-09-03,2018-12-09,4.0,14,已结束，查看内容,2501,100,赵春晖教授廖艳苹副教授崔颖副教授闫奕名讲师
626,C语言程序设计——快速入门与提高,计算机,中国农业大学,3,2018-02-05,2018-05-13,4.0,14,已结束，查看内容,24861,78,吕春利副教授
627,中国近现代史纲要,法学,浙江大学,10,2019-03-18,2019-06-23,2.0,14,立即参加,3983,118,段治文教授赵晖高级讲师刘召峰副教授
628,力学(下),理学,吉林大学,5,2018-11-06,2019-01-21,4.0,11,已结束，查看内容,4035,5,张汉壮教授（博导）倪牟翠副教授
629,工程热力学,工学,上海交通大学,3,2019-02-25,2019-06-30,4.0,18,立即参加,2895,43,王丽伟教授于娟副教授童钧耕教授叶强副教授黄永华教授章俊良教授洪芳军教授王玉璋副教授胡国新教授范卫东教授葛天舒副教授王文教授吴睿副教授迟重然讲师闫晓晖特别副研究员韩东特别研究员吴慧英教授
630,高级财务会计,经济学,南京审计大学,4,2019-02-26,2019-06-16,3.0,16,立即参加,5639,37,路国平南京审计大学瑞华审计与会计学院副院长 副教授  审计专业硕士生导师  中国注册会计师
631,生物信息学,理学,山东大学,4,2019-02-25,2019-06-17,2.5,17,立即参加,5292,264,魏天迪博士巩晶博士赵方庆博士张玉华zhangyh_sdu
632,诺贝尔生理学或医学奖史话,理学,华中师范大学,5,2019-03-05,2019-06-09,3.0,14,立即参加,1685,75,张铭副教授
633,数据库系统（中）：建模与设计,计算机,哈尔滨工业大学,7,2019-03-11,2019-06-16,4.0,14,立即参加,3097,92,战德臣教授 博士生导师张丽杰教授史建焘高级工程师周丽娜讲师宋巧红副研究员
634,概率论与数理统计,理学,天津大学,3,2019-03-04,2019-05-31,4.0,13,立即参加,1852,21,关静教授王凤雨教授杨玲玲讲师赵慧副教授
635,社会调查与统计分析,管理学,大连理工大学,4,2019-03-18,2019-06-17,4.0,14,立即参加,2723,68,卢小君副教授
636,模拟电子电路与技术基础,工学,西安电子科技大学,5,2019-02-28,2019-06-28,4.0,18,立即参加,4515,46,孙肖子教授赵建勋教授王新怀副教授朱天桥讲师邓军副教授路建民讲师罗铭讲师李先锐副教授顾伟舟副教授
637,国际贸易学,经济学,山东大学,9,2019-03-05,2019-05-15,1.0,11,立即参加,3643,111,范爱军教授、博导、国务院特殊津贴专家
638,中国哲学经典著作导读,文学文化,西安交通大学,9,2019-03-10,2019-06-10,1.5,14,立即参加,8526,188,张帆教授
639,太极拳医学,医药卫生,四川大学,14,2019-03-12,2019-06-06,4.0,13,立即参加,3493,147,田汉文医学博士李华博士，副教授黄宁教授
640,民法与生活,法学,暨南大学,4,2019-03-19,2019-06-04,2.0,12,立即参加,6218,267,钟瑞栋教授杨辉旭副教授周名峰讲师刘奇英刘奇英
641,宇宙探索与发现,理学,大连大学,7,2019-03-04,2019-06-17,3.0,16,立即参加,2617,381,刘金寿教授韩平副教授
642,大学计算机——计算思维之路,计算机,北京交通大学,8,2018-09-17,2018-12-30,4.0,15,已结束，查看内容,11121,125,王移芝教授鲁凌云副教授
643,管理学,管理学,电子科技大学,7,2019-02-25,2019-06-23,4.0,17,立即参加,6889,65,赵卫东副教授肖磊讲师刘璞副教授
644,信号与系统,工学,西安电子科技大学,8,2019-02-25,2019-06-16,1.0,16,立即参加,7837,43,郭宝龙教授朱娟娟副教授
645,智圆行方的世界——中国传统文化概论,历史,暨南大学,5,2019-03-23,2019-06-10,5.0,12,立即参加,1293,69,史怀刚副教授龚红月教授
646,植物学,农林园艺,华中农业大学,6,2019-01-28,2019-06-24,4.0,22,立即参加,16597,239,姚家玲教授，博导赵 毓教授，博导曲良焕副教授王莉讲师魏星讲师张伟讲师薛绍武研究员黄涛讲师欧阳亦聃教授，博导李靖教授肖景华副教授陈春丽副教授
647,简明世界史（一）,历史,武汉大学,10,2019-02-04,2019-05-31,3.0,17,立即参加,25126,1293,潘迎春教授、博士生导师
648,信息素养通识教程：数字化生存的必修课,管理学,中山大学,4,2019-03-01,2019-06-30,1.5,18,立即参加,1987,285,潘燕桃教授、博士生导师张靖教授，博士生导师蔡筱青副研究馆员余维杰副教授、硕士生导师肖鹏副研究员王晗馆员梁益铭馆员
649,战略管理,管理学,南京邮电大学,4,2019-02-22,2019-05-18,3.0,13,立即参加,4127,153,王娟副教授石盛林教授徐侠副教授岳宇君讲师
650,机械工程控制基础,工学,东北大学,5,2019-03-11,2019-07-15,2.5,19,立即参加,1852,19,罗忠教授郝丽娜教授房立金教授胡明副教授王菲讲师程红太副教授马树军副教授于清文讲师
651,高频电子电路分析基础,工学,西安电子科技大学,4,2019-03-15,2019-07-05,4.0,17,立即参加,2416,60,赵建勋教授孙肖子教授邓军副教授
652,德育原理,教育教学,河南大学,8,2019-03-05,2019-06-18,2.5,16,立即参加,1059,279,刘济良教授，博士生导师
653,大学物理3：电磁学,理学,同济大学,10,2019-02-25,2019-05-31,4.0,14,立即参加,3711,144,吴天刚同济大学物理科学与工程学院 教授宋志怀讲师
654,运筹学,管理学,中国人民解放军陆军工程大学,5,2019-03-12,2019-05-28,4.0,12,立即参加,4770,57,刘华丽副教授徐代忠副教授俞海英教授李宏伟讲师马光彦讲师李杰讲师
655,普通物理,理学,同济大学,6,2019-02-20,2019-06-20,4.0,18,立即参加,6564,38,王祖源教授宋志怀讲师倪忠强同济大学物理科学与工程学院 教授
656,大学生瑜伽,教育教学,北京大学,3,2019-03-04,2019-05-26,3.0,12,立即参加,7772,187,亓昕副教授
657,好玩的广告学,文学文化,宁波大学,3,2019-03-08,2019-05-30,1.5,12,立即参加,3426,241,汤志耘副教授
658,土木工程施工基本原理,工学,同济大学,9,2019-02-25,2019-07-31,2.0,23,立即参加,5367,74,徐伟同济大学土木工程系 研究室主任、教授胡晓依讲师朱大宇讲师席永慧副教授韩兵康副教授俞国凤副教授徐蓉副教授马锦明副教授吴水根副教授
659,机械制造基础,工学,西北工业大学,5,2019-03-04,2019-06-30,2.5,17,立即参加,1773,37,齐乐华教授、博导杨方副教授周计明教授、博导罗俊副教授赵志龙教授付佳伟副教授任海果讲师张瑞荣讲师
660,中学化学教学设计与实践,教育教学,北京师范大学,5,2019-02-25,2019-05-31,2.5,14,立即参加,2496,142,王磊教授、博士生导师胡久华教授、博士生导师魏锐副教授
661,数据库系统（上）：模型与语言,计算机,哈尔滨工业大学,7,2019-02-18,2019-06-16,4.0,17,立即参加,7541,339,战德臣教授 博士生导师张丽杰教授史建焘高级工程师周丽娜讲师宋巧红副研究员
662,走向深度的合作学习,教育教学,爱课程,8,2019-03-11,2019-05-05,4.5,8,立即参加,2515,544,刘徽浙江大学教育学院副教授，硕士生导师浙江大学课程与学习科学系副系主任。
663,中学语文名篇选讲,文学文化,福建师范大学,5,2019-03-01,2019-06-07,4.0,15,立即参加,4302,120,孙绍振教授、博导
664,外科手术技能教学,医药卫生,同济大学,9,2019-03-12,2019-06-20,3.0,15,立即参加,6608,105,房林教授，主任医师，博士生导师，外科总论教研室主任蒋欣讲师郑立君讲师孟红波讲师王磊讲师陈磊讲师菅伟普外科主治医师李晓宇讲师
665,软件测试与质量,计算机,华中科技大学,3,2018-10-15,2018-12-24,4.0,11,老师已关闭该学期，无法查看,7375,21,武剑洁副教授吴涛教授万琳副教授
666,高等数学（三）,理学,国防科技大学,6,2019-02-25,2019-04-14,4.0,7,立即参加,15891,39,朱健民教授李建平教授黄建华教授王晓教授周敏教授刘雄伟副教授罗永副教授赵侠副教授吴强副教授王焱副教授
667,病理与健康,医药卫生,东南大学,4,2019-03-04,2019-06-14,4.0,15,立即参加,2752,58,陈平圣教授卜晓东副教授张爱凤副教授
668,工程图学,工学,上海交通大学,3,2019-03-18,2019-07-15,4.0,18,立即参加,1745,49,蒋丹教授赵新明副教授胡静讲师杨培中教授张晓云副教授焦素娟副研究员胡小锋副教授高红副教授高怡特别研究员韩向新副教授奚学程副教授周忠岳讲师
669,中医养生与亚健康防治,医药卫生,暨南大学,4,2019-03-12,2019-05-28,2.0,12,立即参加,6051,311,孙升云教授，主任医师，广东省名中医朱诗平讲师罗雪花讲师陈秋芳讲师
670,通信原理,工学,南京邮电大学,4,2019-02-18,2019-06-14,4.0,17,立即参加,3136,50,何雪云副教授曹士坷教授朱彤副教授储婉琴讲师张翠芳副教授董恒副教授周小燕讲师梁彦副教授
671,职场沟通英语,外语,电子科技大学,4,2019-03-25,2019-06-09,2.5,11,立即参加,4992,20,刘畅讲师何曲副教授毛樟龙讲师
672,中学生物学教学设计,教育教学,华中师范大学,4,2019-03-01,2019-06-01,4.0,14,立即参加,1353,139,崔鸿教授
673,android智能手机编程,计算机,国家开放大学,3,2018-10-08,2018-12-31,4.0,13,已结束，查看内容,13137,25,王立副教授高辉助理研究员王娇讲师
674,大学计算机--计算思维的视角,计算机,山东大学,10,2019-02-25,2019-06-30,4.0,18,立即参加,1625,90,郝兴伟山东大学计算机科学与技术学院教授
675,分析化学,理学,大连理工大学,5,2019-02-19,2019-06-24,2.0,18,立即参加,3601,14,吴硕教授/博士生导师刘志广教授王秀云副教授， 硕士生导师丁保君副教授/硕士生导师宋波副教授潘玉珍高级工程师郭慧敏副教授，硕士生导师杨成副教授
676,工程伦理学,管理学,西南交通大学,5,2018-09-11,2018-11-30,3.0,12,已结束，查看内容,2567,60,肖平教授刘丽娜讲师
677,无机化学（下）,理学,大连理工大学,5,2019-02-19,2019-05-27,4.0,14,立即参加,3096,15,孟长功教授，国家级教学名师，教育部高等学校实验教学指导委员会委员胡涛教授，辽宁省普通高等学校化学类专业教学指导委员会秘书长于永鲜副教授王慧龙大连理工大学化学学院教授陶胜洋副教授刘淑芹副教授
678,健康评估,医药卫生,北京大学,4,2019-02-15,2019-04-26,4.0,11,立即参加,10169,214,孙玉梅副教授李湘萍副教授陆悦讲师江华讲师李利讲师
679,分析化学（三）：波谱分析,理学,湖南大学,6,2019-02-26,2019-07-02,4.0,19,立即参加,2972,20,王玉枝教授宦双燕教授
680,信息检索,管理学,武汉大学,10,2019-03-11,2019-06-11,2.5,14,立即参加,8093,1370,黄如花教授、博士生导师
681,程序设计与算法（二）算法基础,计算机,北京大学,6,2019-02-18,2019-05-20,4.0,14,立即参加,8191,421,郭炜讲师
682,工程力学,工学,西南交通大学,7,2018-09-10,2018-12-31,4.0,17,已结束，查看内容,7393,23,沈火明教授
683,设计之美,艺术设计,哈尔滨工业大学,4,2019-03-18,2019-05-27,3.0,11,立即参加,2590,143,王妍教授  博士
684,数字电路与系统设计,工学,西安电子科技大学,4,2019-03-12,2019-06-29,4.0,16,立即参加,1733,4,孙万蓉教授
685,书法课堂,艺术设计,东北大学,4,2018-09-24,2018-12-31,1.0,15,已结束，查看内容,14716,136,朱利教授
686,材料力学,工学,大连理工大学,5,2019-02-25,2019-06-30,4.0,18,立即参加,6397,36,王博教授，博士生导师马红艳副教授季顺迎教授马国军副教授毕祥军副教授郝鹏副教授李锐副教授段庆林副教授
687,细胞生物学,理学,厦门大学,6,2019-02-17,2019-06-15,3.0,17,立即参加,4828,26,叶军副教授靳全文教授余娴文副教授韩家淮教授张荧荧助理教授莫萍丽副教授
688,电子技术应用实验1（数字电路基础实验）,工学,电子科技大学,5,2019-03-04,2019-06-16,1.5,15,立即参加,1939,122,陈瑜高级工程师陈英工程师李雷副教授曾洁讲师李春梅讲师李庆嵘讲师孙可伟工程师
689,通信原理,工学,国防科技大学,8,2019-02-25,2019-06-30,4.0,18,立即参加,7358,30,马东堂教授魏急波教授张晓瀛副教授赵海涛副教授熊俊讲师黄圣春讲师辜方林讲师周力讲师王杉副研究员唐麒讲师李为讲师李保国副教授
690,物理化学（一）,理学,大连理工大学,6,2019-02-25,2019-05-20,4.0,13,立即参加,2525,37,王新平教授，辽宁省教学名师石川教授纪敏教授王旭珍教授，宝钢优秀教师王新葵副教授宋雪旦讲师
691,大学生科技创新课程之“互联网+”创新创业大赛,工学,西南交通大学,3,2018-12-10,2019-01-25,3.0,7,已结束，查看内容,3704,55,张祖涛教授/博士生导师罗大兵副教授代宁副研究员姬晓旭讲师卫飞飞助理研究员李静波讲师
692,材料力学,工学,西南交通大学,8,2019-02-25,2019-05-31,4.0,14,立即参加,3236,169,龚晖教授
693,风景园林景观规划设计基本原理,工学,同济大学,6,2019-03-12,2019-06-18,1.5,15,立即参加,2879,42,刘滨谊教授
694,电子线路设计、测试与实验（一）,工学,华中科技大学,5,2019-02-11,2019-06-15,3.0,18,立即参加,3818,178,汪小燕教授潘晓明工程师夏银桥工程师邓天平副教授陈林高级工程师左冬红副教授王振工程师杨彩虹讲师闵玉堂讲师曾喻江高级工程师秦臻副教授罗杰副教授龚军高级吴建新高级工程师张林教授周波副教授张华讲师徐争光讲师刘澍讲师
695,化学实验安全知识,理学, 中国科学技术大学,3,2019-03-06,2019-06-13,2.5,15,立即参加,1672,484,冯红艳副高朱平平教授郑媛中级兰泉实验师高明丽中级黄微高级实验师刘红瑜中级
696,现代教育技术,教育教学,陕西师范大学,7,2019-03-04,2019-06-30,4.0,17,立即参加,5663,1103,傅钢善教授乜勇教授单迎杰讲师
697,中国饮食文化,文学文化,华中农业大学,6,2019-02-12,2019-06-11,2.5,18,立即参加,9733,882,谢定源副教授李二虎等课程团队教师李二虎副教授；方爱平聘任研究员；周圣弘教授；熊小进高级工程师
698,数学实验,理学,重庆大学,3,2019-02-18,2019-06-30,6.0,19,立即参加,4040,83,龚劬教授肖剑副教授温罗生教授何光辉副教授黄光辉副教授
699,生物统计学,理学,南京农林大学,5,2019-03-11,2019-06-17,3.5,15,立即参加,2114,16,管荣展教授，生物统计课程群负责人盖钧镒院士赵团结教授杨守萍教授赵晋铭副教授王吴彬讲师邢光南副教授李凯副教授冯建英副教授何小红副教授楚璞副教授贺建波讲师
700,外经贸英语函电,外语,福建农林大学,4,2019-02-26,2019-06-10,2.5,15,立即参加,5347,178,张云清副教授姚静副教授陈隽讲师黄丽莉讲师
701,计算机程序设计（C++）,计算机,西安交通大学,9,2019-02-12,2019-06-17,3.0,18,立即参加,20166,441,赵英良教授夏秦副教授杨振平讲师顾刚研究员仇国巍讲师卫颜俊讲师乔亚男副教授杨琦高级工程师姚普选副教授
702,机械制造技术基础,工学,中北大学,5,2019-03-04,2019-06-18,4.0,16,立即参加,3422,174,王时英教授丁艳红副教授刘润爱副教授李文辉副教授姚新改副教授王晓玲副教授宫晓琴讲师张杰副教授梁义维副教授
703,土地经济学,管理学,南京农林大学,4,2019-03-07,2019-07-07,4.0,18,立即参加,894,144,冯淑怡教授、博士生导师石晓平教授诸培新教授刘向向南副教授高平讲师唐焱教授邹伟教授，博士生导师郭贯成教授马贤磊教授姜海教授蓝菁副教授
704,微积分（四）,理学,哈尔滨工业大学,7,2019-02-25,2019-06-28,4.0,18,立即参加,1234,59,尹逊波教授雷强副教授任雪昆副教授黄艳讲师张雅卓副教授杨占文讲师董久刚副教授张超副教授靳水林副教授
705,无机非金属材料实验,工学,武汉理工大学,6,2019-02-18,2019-06-21,3.5,18,立即参加,579,2,冯小平副教授
706,系统解剖学,医药卫生,山东大学,6,2019-02-25,2019-06-03,4.0,15,立即参加,28956,285,丁兆习副教授李振中教授丁娟副教授刘真副教授吴凤霞讲师李贵宝高级实验师
707,中国文化概论,文学文化,武汉大学,10,2019-02-18,2019-07-01,3.5,20,立即参加,9611,147,李建中教授高文强教授/博士生导师李立讲师
708,现代控制理论基础,工学,西北工业大学,3,2019-02-25,2019-05-25,4.0,13,立即参加,3710,45,郭建国教授赵斌副教授郭宗易助理研究员
709,模拟电子技术基础,工学,河北师范大学,8,2019-02-18,2019-06-30,4.0,19,立即参加,7014,106,刘波粒教授刘彩霞副教授赵增荣教授陈嘉兴教授靳慧龙教授孙军英副教授杨丽坤讲师付超副教授吕清讲师张书景讲师
710,人文视野中的生态学,理学,吉林大学,10,2019-04-01,2019-06-24,4.0,13,立即参加,325,56,包国章教授
711,大数据技术原理与应用,计算机,厦门大学,4,2019-03-04,2019-06-09,3.0,14,立即参加,14690,608,林子雨助理教授
712,数值分析,理学,东北大学,4,2019-03-03,2019-07-07,5.0,19,立即参加,4448,193,邵新慧教授史大涛讲师冯男讲师盛莹讲师陈艳利讲师李铮讲师
713,比较文学,文学文化,华中师范大学,4,2019-03-21,2019-07-20,1.5,18,立即参加,3499,63,胡亚敏教授
714,中医与诊断—学做自己的医生,医药卫生,暨南大学,6,2019-02-25,2019-06-30,4.0,18,立即参加,42413,967,孙立教授薛飞飞副教授
715,护理学基础（上篇）,医药卫生,山东大学,9,2019-03-06,2019-05-31,5.0,13,立即参加,4903,55,王克芳教授  博士生导师邹凌燕副教授仝春兰副教授王翠丽博士 教授
716,机械设计基础,工学,西安交通大学,6,2019-02-15,2019-06-30,4.0,20,立即参加,9896,147,徐亮副教授，博士。
717,普通生态学,农林园艺,南京农林大学,4,2019-03-11,2019-07-15,3.0,19,立即参加,1099,36,胡锋教授刘满强教授郭辉副教授胡水金教授李辉信教授陈小云副教授徐莉副教授
718,宇宙新概念,理学,武汉大学,7,2019-01-22,2019-05-14,3.0,17,立即参加,25298,292,赵江南副教授
719,物流系统工程,管理学,武汉理工大学,7,2019-03-04,2019-06-12,3.0,15,立即参加,1048,62,张庆英教授辜勇副教授张莹副教授王正国副教授张梦雅实验师
720,人人学点营销学,管理学,中南财经政法大学,5,2019-03-11,2019-06-11,3.0,14,立即参加,2707,136,杜鹏副教授袁春平讲师谢志鹏讲师樊帅副教授
721,新生研讨课,教育教学,四川大学,7,2019-02-26,2019-06-30,2.5,18,立即参加,923,125,洪玫教授蒲亦非教授、博士生导师王湖南讲师舒莉讲师左航讲师聂靖讲师赵辉讲师刘晓洁教授
722,奇异的仿生学,理学,吉林大学,10,2019-03-25,2019-07-15,3.0,17,立即参加,649,130,刘燕教授/博导
723,视觉保健康复技术,医药卫生,金陵科技学院,6,2019-03-06,2019-05-15,4.0,11,立即参加,2058,62,刘宜群教授亓昊慧副教授欧阳永斌副教授王玲副教授许薇讲师季雷讲师
724,英语有效表达：语言、修辞与逻辑,外语,电子科技大学,4,2019-03-18,2019-05-17,1.5,9,立即参加,5530,50,廖敏副教授吕汀副教授田径副教授吴冰副教授
725,水工钢筋混凝土结构学,工学,河海大学,4,2019-03-04,2019-07-08,4.0,19,立即参加,1203,55,冷飞讲师汪基伟教授姚菲副教授蒋建华副教授
726,概率论与数理统计,理学,哈尔滨工业大学,8,2019-02-25,2019-05-27,4.0,14,立即参加,6411,109,方茹教授王勇教授李朝艳副教授周永春讲师文海玉副教授王力副教授刘伟副教授陈佳奇讲师
727,生命科学导论,理学,华中农业大学,4,2019-02-17,2019-05-31,4.0,15,立即参加,1951,316,"郑用琏教授 博导郑世学副教授李兴旺教授张敏教授 博导高友军讲师陈振夏教授,博导"
728,数学分析（四）,理学,华东师范大学,3,2019-04-22,2019-07-15,5.0,13,立即参加,10903,16,柴俊教授庞学诚教授吴畏教授王丽萍副教授戴浩晖讲师
729,Python科学计算三维可视化,计算机,北京理工大学,5,2019-03-19,2019-05-14,2.5,9,立即参加,4101,64,黄天羽副教授嵩天副教授
730,中医内科学,医药卫生,南京中医药大学,4,2019-03-21,2019-06-28,5.0,15,立即参加,3629,77,薛博瑜教授方南元讲师孙丽霞副教授金路助理研究员、主治中医师甘可讲师
731,西方文论原典导读,文学文化,吉林大学,4,2019-03-04,2019-06-30,5.0,17,立即参加,1022,6,窦可阳副教授
732,线性代数,理学,东南大学,4,2019-02-25,2019-06-16,2.0,16,立即参加,14463,51,陈建龙教授周建华教授张小向副教授
733,大学物理-相对论和量子物理,理学,山东大学,10,2019-04-23,2019-06-18,3.0,9,立即参加,2276,21,刘建强教授，基础物理教学研究中心主任
734,人体科学,理学,华东师范大学,10,2019-02-18,2019-06-17,4.0,18,立即参加,3982,55,袁崇刚教授马骥讲师
735,计算机组成原理（下）,计算机,哈尔滨工业大学,7,2019-02-25,2019-06-24,4.0,18,立即参加,5817,75,刘宏伟教授、博士生导师张丽杰教授舒燕君讲师张展副教授
736,广告创意学,文学文化,湖南大学,6,2019-03-05,2019-05-20,1.5,11,立即参加,9903,248,李正良湖南大学新闻传播与影视艺术学院教授，硕士生导师江绍雄蓝道广告公司创意总监，“艳遇中国”品牌首席设计师，多项国际广告大赛评审专家；荣获中国10大创意总监称号
737,汇编语言程序设计,计算机,电子科技大学,4,2019-03-04,2019-06-30,4.0,17,立即参加,3684,89,邢建川副教授廖建明教授崔金钟享受正高级待遇高级工程师韩宏正高级高级实验师
738,医学伦理学,医药卫生,西安交通大学,8,2019-03-12,2019-07-20,3.0,19,立即参加,952,12,魏琳西安交通大学人文学院副教授
739,聪慧的源泉——数学导读,理学,南昌大学,9,2019-03-07,2019-06-16,4.0,15,立即参加,1225,443,朱传喜教授、博士生导师黄先玖教授尹建东副教授吴照奇副教授屈泳讲师熊九红中级
740,行政管理学,管理学,中南财经政法大学,6,2019-02-24,2019-06-27,4.0,18,立即参加,2944,44,徐双敏教授
741,有机化学（上）,理学,大连理工大学,8,2019-03-01,2019-06-30,4.0,18,立即参加,4425,21,姜文凤教授，辽宁省教学名师，教育部大学化学教学指导委员会委员。于丽梅副教授高占先教授，国家教学名师。博士生导师。刘迪副教授，博士生导师。殷伦祥副教授
742,数字电子技术基础,工学,华中科技大学,5,2019-02-11,2019-06-25,4.0,20,立即参加,11033,83,罗杰副教授秦臻副教授张林教授左冬红副教授谭力讲师宋琪副教授杨彩虹讲师张江山副教授周波副教授钟国辉副教授鲁放讲师刘琼副教授程起敏副教授
743,核反应堆物理,工学,哈尔滨工程大学,4,2019-03-19,2019-05-26,6.0,10,立即参加,1001,6,曹欣荣教授赵强教授李伟讲师
744,管理学原理,管理学,武汉理工大学,6,2019-02-22,2019-05-28,2.5,14,立即参加,7254,126,罗玲教授程国平教授刁兆峰教授
745,大学物理——机械振动、波和波动光学,理学,西安交通大学,5,2018-10-16,2019-01-23,4.0,15,已结束，查看内容,8489,13,刘丹东副教授李宏荣教授刘萍副教授王瑞敏副教授方爱平副教授
746,线性代数与空间解析几何（一）,理学,电子科技大学,7,2019-03-11,2019-05-14,4.0,10,立即参加,2437,37,黄廷祝教授 / 博士生导师蒲和平教授何军华副教授王转德副教授房秀芬副教授荆燕飞研究员李厚彪教授王博副教授李红副教授原子霞副教授王颖副教授
747,高级语言程序设计（Python）,计算机,哈尔滨工业大学,2,2015-05-08,2015-08-07,4.0,14,已结束，查看内容,91695,29,车万翔教授、博士生导师袁永峰副教授叶麟讲师
748,知识产权法学,法学,武汉理工大学,5,2019-02-18,2019-05-18,3.0,13,立即参加,3484,32,刘介明教授胡神松副教授、硕士生导师孟奇勋副教授，硕导刘国龙副教授  硕导魏纪林教授、博士生导师
749,生理学,医药卫生,中南大学,5,2019-02-25,2019-07-01,2.5,19,立即参加,12062,233,罗自强生理学教授管茶香教授冯丹丹副教授暨明副教授向阳教授许建平副教授韩仰副教授文志斌教授
750,分析化学,理学,福州大学,5,2019-03-11,2019-07-14,4.0,18,立即参加,1109,12,林翠英副教授郭良洽教授王建副教授付凤富教授林陈晨讲师
751,新闻伦理与法规,文学文化,华中师范大学,4,2019-02-25,2019-07-01,3.0,19,立即参加,1900,204,江作苏教授陈科讲师张勇军教授甘丽华副教授李理副教授
752,循环经济与可持续发展型企业,工学,北京师范大学,5,2019-03-06,2019-07-10,2.0,19,立即参加,617,7,毛建素副教授（岗位教授），博士生导师金建君教授，博士生导师裴元生教授李春晖副教授，博士生导师，重点实验室副主任
753,大学美育,艺术设计,华南理工大学,3,2019-03-06,2019-05-15,3.0,11,立即参加,1600,170,苏宏元教授孙珉副教授周可讲师谢勇讲师陈映副教授
754,英美诗歌名篇选读,外语,北京联合大学,5,2019-04-08,2019-07-01,4.0,13,立即参加,1440,21,黄宗英Professor of English教授
755,金融学,经济学,中央财经大学 ,5,2018-09-17,2019-01-31,3.0,20,已结束，查看内容,323503,247,"李健教授左毓秀副教授黄昌利副教授蔡如海副教授李宪铎副教授,证券期货研究所秘书长,中国银行业研究中心秘书长,主要研究人员.贾玉革教授黄志刚副教授孙建华副教授马亚副教授方意副教授鄢莉莉讲师郭田勇中央财经大学金融学院教授、博士生导师董兵兵讲师李建军教授李建军教授"
756,心理健康与创新能力,心理学,电子科技大学,4,2018-10-25,2019-01-12,4.0,12,已结束，查看内容,6619,149,李媛博士   教授心理健康教育中心主任雷霖讲师刘荃职称：副教授；刁静讲师王海星讲师李谷静讲师刘红梅讲师
757,微生物学,理学,厦门大学,4,2018-08-27,2019-01-22,2.5,22,已结束，查看内容,9612,70,郭峰副教授张连茹教授田蕴教授袁晶教授
758,数字逻辑电路,工学,南京理工大学,4,2019-02-25,2019-06-30,3.0,18,立即参加,4016,20,王建新教授蒋立平教授班恬副教授姜萍副教授花汉兵副教授谭雪琴副教授
759,走进地理学,理学,南京大学,6,2019-01-01,2019-03-12,3.0,11,老师已关闭该学期，无法查看,17854,582,李满春教授，国家教学名师，长江学者特聘教授
760,钢结构,工学,河海大学,4,2019-03-15,2019-07-01,4.0,16,立即参加,1595,68,曹平周教授，博导伍凯副教授朱召泉教授伞冰冰副教授韦芳芳副教授
761,计算机网络基础及应用,计算机,南京理工大学,5,2019-02-18,2019-06-01,3.0,15,立即参加,5138,51,丁晟春教授陈芬副教授朱鹏副教授吴鹏教授沈思讲师王曰芬教授
762,物理与人类生活,理学,吉林大学,9,2019-03-04,2019-05-20,2.0,12,立即参加,1050,57,张汉壮教授（博导）
763,文化差异与跨文化交际,文学文化,郑州大学,6,2019-03-11,2019-05-31,3.0,12,立即参加,1927,57,曾利娟教授
764,无机与分析化学,理学,西安交通大学,5,2019-03-11,2019-06-07,4.0,13,立即参加,1014,8,和玲教授李银环副教授
765,管理心理学（下）,心理学,电子科技大学,4,2018-09-17,2018-11-12,2.5,9,已结束，查看内容,14311,57,祝小宁教授/博导
766,电机学,工学,哈尔滨工业大学,4,2019-03-04,2019-05-20,4.0,12,立即参加,7426,265,李勇教授/博导王骞副教授尚静教授
767,计算机操作系统,计算机,南京大学,6,2018-10-12,2019-02-01,5.0,17,已结束，查看内容,54167,75,骆斌教授、博导葛季栋副教授
768,大学物理—电磁学,理学,北京理工大学,8,2019-03-12,2019-06-10,4.0,13,立即参加,3900,78,胡海云教授吴晓丽副教授缪劲松副教授
769,学前儿童健康教育,教育教学,南京师范大学,5,2019-02-18,2019-06-17,3.0,18,立即参加,5477,146,顾荣芳教授张世义副教授叶慧高级教师方芳小学一级教师程雨洋实验师
770,大学物理—力学与热学,理学,北京理工大学,8,2019-02-25,2019-05-31,4.0,14,立即参加,19867,139,刘兆龙教授冯艳全副教授石宏霆副教授
771,植物学,理学,南京农林大学,4,2019-03-04,2019-06-10,4.0,15,立即参加,2243,201,强胜教授宋小玲教授王庆亚教授崔瑾教授陈世国副教授胡金良副教授李新华副教授，硕士生导师戴伟民副教授孙建云副教授张裕讲师张紫刚讲师刘琳莉中级实验师
772,毛泽东思想和中国特色社会主义理论体系概论,法学,武汉大学,6,2019-02-25,2019-07-20,2.5,21,立即参加,9339,1135,丁俊萍武汉大学马克思主义学院教授，博导，国家级教学名师，国家教育部社会科学委员会委员李向勇副教授陈训威实验中心主任，高工李华武汉大学马克思主义学院副教授李楠教授，博导吴向伟副教授杨军教授，博士生导师。邹金堂副教授范卫青武汉大学马克思主义学院副教授王双群副教授简繁讲师任艳讲师余永跃教授  博士生导师刘明松副教授曹亚雄教授，博士生导师付克新讲师
773,大学英语自学课程（下）,外语,北京科技大学,2,2018-02-01,2018-03-23,4.0,8,已结束，查看内容,24863,27,张敬源教授王娜副教授陈娟文副教授张丹丹讲师李金玉讲师何君萍高级讲师王深工程师沈艳娟讲师梁雅梦副教授刘荣君副教授
774,中级财务会计（三）,管理学,哈尔滨工业大学,4,2019-03-01,2019-06-30,5.0,18,立即参加,4788,42,高艳茹副教授、硕士研究生导师
775,文学经典导读,文学文化,华中师范大学,4,2019-02-25,2019-06-24,2.0,18,立即参加,9981,168,戴建业教授
776,波动光学,理学,华东师范大学,7,2019-03-11,2019-06-10,4.5,14,立即参加,887,10,管曙光教授刘金明研究员黄燕萍副教授李欣副教授
777,大学英语（口语）,外语,国防科技大学,7,2018-10-09,2019-01-18,2.0,15,已结束，查看内容,463430,258,刘源源国防语言系讲师；《大学英语口语》课程负责人彭天笑国防语言系讲师陈菁人文与社会科学学院语言文化研究所讲师李淼国防语言系讲师
778,急救常识,医药卫生,武汉大学,12,2019-03-01,2019-04-01,2.0,5,立即参加,14432,1103,赵剡教授、博士生导师陈志桥副主任医师金晓晴主治医师江城主治医师王建平副主任医师卢章洪主治医师
779,中国税制,经济学,中南财经政法大学,4,2019-03-15,2019-06-30,3.5,16,立即参加,3734,74,薛钢教授王宝顺副教授陈思霞副教授
780,创业法学,法学,江西财经大学,4,2019-03-13,2019-06-30,4.0,16,立即参加,4456,1921,邓辉教授张怡超讲师喻玲教授熊玉梅副教授杨德敏教授熊云辉讲师李忠民副教授刘先良讲师
781,化工原理（下）,工学,北京化工大学,4,2019-02-23,2019-07-06,4.0,20,立即参加,1439,31,丁忠伟教授刘丽英副教授
782,中国税制,经济学,江西财经大学,5,2019-03-25,2019-05-31,4.0,10,立即参加,3886,272,王乔教授（二级）姚林香教授徐建斌副教授伍红教授万莹教授邱慈孙副教授伍云峰副教授黄思明讲师陈荣教授李春根教授张仲芳教授黄桂香教授朱门添教授席卫群教授王雯讲师
783,中国古典家具,艺术设计,福建农林大学,5,2019-03-15,2019-05-24,3.0,11,立即参加,3567,466,刘学莘讲师林金国教授董晓英讲师赵中元讲师牛敏讲师
784,微波技术基础,工学,厦门大学,6,2019-02-21,2019-05-30,4.0,15,立即参加,1525,17,游佰强教授，廈門大學教學名師，IEEE高級會員，中國電子學會高級會員周建华教授李伟文副教授李杰工程师
785,科举与唐诗,文学文化,郑州大学,6,2019-03-05,2019-06-11,3.0,15,立即参加,976,101,王士祥教授
786,偏微分方程,理学,厦门大学,5,2019-02-25,2019-06-15,4.0,16,立即参加,2108,33,谭忠教授、博士生导师
787,创业投资,管理学,厦门大学,4,2019-02-17,2019-05-19,6.5,14,立即参加,10971,438,唐炎钊教授
788,从大学生到经理人的36项修炼,经济学,西南交通大学,8,2019-03-20,2019-07-31,3.0,20,立即参加,4507,256,李泽尧教授
789,理解马克思,哲学,南京大学,7,2019-03-04,2019-06-30,3.0,17,立即参加,54784,168,张亮教授，博士生导师。周嘉昕南京大学哲学系教授孙乐强南京大学哲学系副教授
790,微电子工艺,工学,哈尔滨工业大学,8,2019-03-04,2019-06-17,4.0,16,立即参加,885,40,王蔚教授级高工田丽副教授
791,天文探秘,理学,南京大学,6,2019-03-25,2019-07-31,2.5,19,立即参加,2634,187,李向东教授谢懿副教授陈鹏飞教授施勇教授周济林教授
792,企业战略管理,管理学,四川大学,4,2019-03-04,2019-05-27,3.0,13,立即参加,2147,41,揭筱纹教授
793,高等数学—微积分(1),理学,山东大学,5,2018-09-18,2019-01-08,4.0,17,已结束，查看内容,34894,83,"蒋晓芸教授,博导张天德教授  著名考研辅导专家王洪英副教授王玮副教授孙同军教授包芳勋教授金辉讲师刘蕴贤教授马树萍教授朱冬梅副教授高夫征副教授颜谨教授陈建良副教授崔明荣教授苏海军副教授杜世田副教授吴强副教授"
794,学习工程与管理,教育教学,北京大学,1,2018-05-25,2018-07-30,3.0,10,已结束，查看内容,17045,64,吴峰教授
795,西方现代艺术赏析,艺术设计,吉林大学,4,2019-03-20,2019-06-19,2.0,14,立即参加,2900,62,铁娆娆艺术学院 公共艺术教育中心 讲师
796,创业基础,管理学,中南财经政法大学,6,2019-02-28,2019-06-25,1.5,17,立即参加,3698,1663,邓汉慧教授李波教授喻良涛讲师黄宏伟讲师
797,中国少数民族神话赏析,文学文化,中央民族大学,3,2019-03-09,2019-06-01,5.0,13,立即参加,2107,119,汪立珍教授
798,数据结构,计算机,中国人民解放军陆军工程大学,5,2019-03-08,2019-06-17,3.0,15,立即参加,3705,45,陈卫卫教授李清副教授唐艳琴副教授李志刚讲师吴永芬讲师李杰讲师王坤讲师
799,内部控制与风险管理,管理学,中南财经政法大学,5,2018-09-10,2019-01-06,4.0,17,已结束，查看内容,10215,125,王清刚教授/博士生导师龚翔副教授董丽华副研究员吕敏康副教授冉明东副教授陈丽红教授丁琳副教授  硕士生导师彭艳讲师
800,婚恋-职场-人格,心理学,武汉理工大学,4,2019-04-01,2019-06-20,3.0,12,立即参加,3665,427,张晓文讲师雷五明教授
801,工程图学（二）,工学,吉林大学,4,2019-03-04,2019-06-25,4.0,17,立即参加,723,2,谷艳华教授
802,3D打印技术及应用,工学,西北工业大学,5,2019-03-05,2019-06-20,3.5,16,立即参加,2691,66,汪焰恩教授，博士生导师王淑侠工大侠客苟秉宸副教授
803,医用物理学,医药卫生,郑州大学,4,2019-03-05,2019-07-04,3.5,18,立即参加,1415,2,潘志峰教授
804,eye我所爱——呵护你的眼,医药卫生,四川大学,4,2019-03-29,2019-06-30,1.0,14,立即参加,1866,64,刘陇黔教授马薇主管视光师杨旭波讲师杨国渊讲师
805,数据结构与算法,计算机,北京大学,2,2018-09-17,2019-01-13,6.0,17,已结束，查看内容,35283,71,张铭教授赵海燕副教授宋国杰副教授黄骏讲师邹磊教授陈斌副教授王腾蛟教授
806,工程信号与系统,工学,西安电子科技大学,7,2019-02-25,2019-07-16,2.0,21,立即参加,978,13,郭宝龙教授朱娟娟副教授
807,速成汉语语法课堂,文学文化,北京语言大学,3,2019-03-06,2019-06-21,3.5,16,立即参加,1543,25,种一凡讲师张倩讲师蔡楠讲师蔡建永讲师
808,中国古典诗文朗诵与吟诵,文学文化,江苏师范大学,5,2019-03-04,2019-07-07,1.5,18,立即参加,3533,766,李昌集教授
809,匠心与创新——家具行业创新创业,工学,福建农林大学,4,2019-03-15,2019-05-24,2.5,11,立即参加,2514,742,林金国教授刘学莘讲师胡涛讲师牛敏讲师吴旭平讲师张龙有天健达红木总经理陈开焱九牧厨卫开发部经理范文彬金牌厨柜工业设计部经理
810,会计学原理,管理学,江西财经大学,4,2019-03-01,2019-06-24,4.0,17,立即参加,6666,218,程淑珍教授张蕊教授周冬华副教授吕晓梅副教授吴志斌讲师管考磊副教授郭华平教授蒋珩副教授
811,C语言程序设计（下）,计算机,北京理工大学,9,2019-03-18,2019-07-31,2.5,20,立即参加,10743,81,李凤霞教授薛庆副教授陈宇峰副教授余月讲师李仲君助理研究员赵三元讲师
812,中国行政法原理及应用,法学,南京大学,6,2019-03-04,2019-06-30,2.5,17,立即参加,13300,78,肖泽晟教授、博士生导师。
813,药物化学,医药卫生,中国药科大学,6,2019-02-25,2019-07-05,2.0,19,立即参加,4784,144,尤启冬教授江程副教授徐云根教授李玉艳副教授
814,高速铁路桥梁与隧道工程,工学,西南交通大学,4,2019-03-18,2019-06-11,2.0,13,立即参加,680,19,王英学教授周佳媚教授申玉生副教授李小珍教授
